Code agence;Statut;Création;Onboarding;Code_Contact;Valeur
06792;EER non démarré;09/05/2026;—;1000000000;261.22
06792;EER non démarré;09/05/2026;—;1000000001;628.06
03706;EER non démarré;09/05/2026;—;1000000010;876.37
03706;EER non démarré;09/05/2026;—;1000000011;407.27
00438;EER non démarré;09/05/2026;—;1000000020;461.20
00438;EER non démarré;09/05/2026;—;1000000021;511.48
06867;EER non démarré;09/05/2026;—;1000000030;287.32
06867;EER non démarré;09/05/2026;—;1000000031;345.83
07861;EER non démarré;09/05/2026;—;1000000040;180.90
07861;EER non démarré;09/05/2026;—;1000000041;145.29
06111;EER non démarré;09/05/2026;—;1000000050;951.82
06111;EER non démarré;09/05/2026;—;1000000051;389.83
06184;EER non démarré;09/05/2026;—;1000000060;186.85
06184;EER non démarré;09/05/2026;—;1000000061;182.83
09238;EER non démarré;09/05/2026;—;1000000070;872.87
09238;EER non démarré;09/05/2026;—;1000000071;999.72
03940;EER non démarré;09/05/2026;—;1000000080;222.67
03940;EER non démarré;09/05/2026;—;1000000081;948.20
02367;EER non démarré;09/05/2026;—;1000000090;444.51
02367;EER non démarré;09/05/2026;—;1000000091;443.49
06744;EER à valider;09/05/2026;8caf7057;1000000100;462.12
06744;EER à valider;09/05/2026;ae91ad93;1000000101;495.02
05954;EER non démarré;09/05/2026;—;1000000110;886.85
05954;EER non démarré;09/05/2026;—;1000000111;700.60
05522;EER non démarré;09/05/2026;—;1000000120;324.56
05522;EER non démarré;09/05/2026;—;1000000121;834.11
00789;EER non démarré;09/05/2026;—;1000000130;648.48
00789;EER non démarré;09/05/2026;—;1000000131;413.48
01036;EER non démarré;09/05/2026;—;1000000140;309.99
01036;EER non démarré;09/05/2026;—;1000000141;645.08
08421;EER non démarré;09/05/2026;—;1000000150;630.50
08421;EER non démarré;09/05/2026;—;1000000151;960.53
04955;EER à valider;09/05/2026;6e9aeaf0;1000000160;535.39
04955;EER à valider;09/05/2026;d058c64d;1000000161;975.65
05443;EER non démarré;09/05/2026;—;1000000170;217.01
05443;EER non démarré;09/05/2026;—;1000000171;695.55
08579;EER non démarré;09/05/2026;—;1000000180;491.89
08579;EER non démarré;09/05/2026;—;1000000181;143.40
01984;EER non démarré;09/05/2026;—;1000000190;908.30
01984;EER non démarré;09/05/2026;—;1000000191;560.02
08868;EER démarré;09/05/2026;73697892;1000000200;201.80
08868;EER démarré;09/05/2026;81398344;1000000201;175.24
06744;EER non démarré;09/05/2026;—;1000000210;698.14
06744;EER non démarré;09/05/2026;—;1000000211;272.50
07286;EER non démarré;09/05/2026;—;1000000220;119.42
07286;EER non démarré;09/05/2026;—;1000000221;609.03
00709;EER non démarré;09/05/2026;—;1000000230;563.71
00709;EER non démarré;09/05/2026;—;1000000231;135.20
06744;EER démarré;09/05/2026;21156801;1000000240;547.01
06744;EER démarré;09/05/2026;ae3d2714;1000000241;423.95
01192;EER non démarré;09/05/2026;—;1000000250;398.61
01192;EER non démarré;09/05/2026;—;1000000251;856.69
06744;EER validé;09/05/2026;fc795dfc;1000000260;715.43
06744;EER validé;09/05/2026;71c54f2d;1000000261;412.55
01588;EER non démarré;09/05/2026;—;1000000270;203.05
01588;EER non démarré;09/05/2026;—;1000000271;720.80
07627;EER non démarré;09/05/2026;—;1000000280;685.93
07627;EER non démarré;09/05/2026;—;1000000281;506.71
05027;EER démarré;09/05/2026;3246d9c9;1000000290;348.67
05027;EER démarré;09/05/2026;d51c3c26;1000000291;806.43
09725;EER validé;09/05/2026;e79e0515;1000000300;949.36
09725;EER validé;09/05/2026;63b60c79;1000000301;286.95
07401;EER non démarré;09/05/2026;—;1000000310;310.59
07401;EER non démarré;09/05/2026;—;1000000311;902.85
05403;EER non démarré;09/05/2026;—;1000000320;756.34
05403;EER non démarré;09/05/2026;—;1000000321;224.75
07273;EER validé;09/05/2026;17c381e2;1000000330;795.69
07273;EER validé;09/05/2026;fe1dd66f;1000000331;785.19
03940;EER non démarré;09/05/2026;—;1000000340;543.39
03940;EER non démarré;09/05/2026;—;1000000341;833.96
08666;EER démarré;09/05/2026;121557a9;1000000350;532.97
08666;EER démarré;09/05/2026;28f048b9;1000000351;649.43
08546;EER validé;09/05/2026;d86cbf26;1000000360;544.02
08546;EER validé;09/05/2026;ae47773d;1000000361;971.77
03153;EER non démarré;09/05/2026;—;1000000370;381.56
03153;EER non démarré;09/05/2026;—;1000000371;384.74
08339;EER non démarré;09/05/2026;—;1000000380;807.61
08339;EER non démarré;09/05/2026;—;1000000381;155.70
09093;EER non démarré;09/05/2026;—;1000000390;262.00
09093;EER non démarré;09/05/2026;—;1000000391;537.90
05899;EER validé;09/05/2026;16fd43e8;1000000400;243.98
05899;EER validé;09/05/2026;822ef653;1000000401;795.45
05538;EER non démarré;09/05/2026;—;1000000410;290.14
05538;EER non démarré;09/05/2026;—;1000000411;945.20
05090;EER non démarré;09/05/2026;—;1000000420;247.96
05090;EER non démarré;09/05/2026;—;1000000421;791.77
00832;EER validé;09/05/2026;0dc377da;1000000430;734.58
00832;EER validé;09/05/2026;b906124c;1000000431;193.15
06332;EER démarré;09/05/2026;197532ae;1000000440;580.00
06332;EER démarré;09/05/2026;35dbd7f6;1000000441;913.67
09885;EER non démarré;09/05/2026;—;1000000450;595.63
09885;EER non démarré;09/05/2026;—;1000000451;940.50
06556;EER non démarré;09/05/2026;—;1000000460;663.01
06556;EER non démarré;09/05/2026;—;1000000461;964.65
04749;EER démarré;09/05/2026;a6e0b791;1000000470;160.44
04749;EER démarré;09/05/2026;3d9f6c1a;1000000471;405.29
05099;EER démarré;09/05/2026;1ded8faa;1000000480;921.85
05099;EER démarré;09/05/2026;988aa2ad;1000000481;226.62
06111;EER non démarré;09/05/2026;—;1000000490;816.42
06111;EER non démarré;09/05/2026;—;1000000491;434.61
09238;EER non démarré;09/05/2026;—;1000000500;408.69
09238;EER non démarré;09/05/2026;—;1000000501;678.28
03999;EER non démarré;09/05/2026;—;1000000510;957.54
03999;EER non démarré;09/05/2026;—;1000000511;442.27
09434;EER non démarré;09/05/2026;—;1000000520;555.80
09434;EER non démarré;09/05/2026;—;1000000521;893.56
04669;EER non démarré;09/05/2026;—;1000000530;333.40
04669;EER non démarré;09/05/2026;—;1000000531;170.08
03940;EER non démarré;09/05/2026;—;1000000540;607.20
03940;EER non démarré;09/05/2026;—;1000000541;707.01
01779;EER non démarré;09/05/2026;—;1000000550;363.92
01779;EER non démarré;09/05/2026;—;1000000551;403.91
09238;EER non démarré;09/05/2026;—;1000000560;129.29
09238;EER non démarré;09/05/2026;—;1000000561;528.40
09093;EER non démarré;09/05/2026;—;1000000570;579.63
09093;EER non démarré;09/05/2026;—;1000000571;322.98
05027;EER non démarré;09/05/2026;—;1000000580;142.94
05027;EER non démarré;09/05/2026;—;1000000581;329.37
08546;EER non démarré;09/05/2026;—;1000000590;588.10
08546;EER non démarré;09/05/2026;—;1000000591;268.18
07386;EER démarré;09/05/2026;e40644c4;1000000600;671.16
07386;EER démarré;09/05/2026;c7aed563;1000000601;330.48
06312;EER non démarré;09/05/2026;—;1000000610;817.85
06312;EER non démarré;09/05/2026;—;1000000611;966.36
02200;EER non démarré;09/05/2026;—;1000000620;858.63
02200;EER non démarré;09/05/2026;—;1000000621;228.87
06912;EER démarré;09/05/2026;f665d82a;1000000630;358.83
06912;EER démarré;09/05/2026;164a0432;1000000631;532.66
02159;EER non démarré;09/05/2026;—;1000000640;971.55
02159;EER non démarré;09/05/2026;—;1000000641;848.17
07029;EER non démarré;09/05/2026;—;1000000650;753.36
07029;EER non démarré;09/05/2026;—;1000000651;501.85
06088;EER non démarré;09/05/2026;—;1000000660;339.65
06088;EER non démarré;09/05/2026;—;1000000661;142.10
04669;EER non démarré;09/05/2026;—;1000000670;318.19
04669;EER non démarré;09/05/2026;—;1000000671;128.26
08144;EER validé;09/05/2026;0c20ee0d;1000000680;160.69
08144;EER validé;09/05/2026;8bfe17e3;1000000681;676.81
03418;EER non démarré;09/05/2026;—;1000000690;747.10
03418;EER non démarré;09/05/2026;—;1000000691;518.30
07627;EER démarré;09/05/2026;e6a6e425;1000000700;842.52
07627;EER démarré;09/05/2026;7dfe3064;1000000701;485.15
09238;EER non démarré;09/05/2026;—;1000000710;138.10
09238;EER non démarré;09/05/2026;—;1000000711;641.40
05443;EER non démarré;09/05/2026;—;1000000720;298.73
05443;EER non démarré;09/05/2026;—;1000000721;464.87
02897;EER non démarré;08/05/2026;—;1000000730;699.82
02897;EER non démarré;08/05/2026;—;1000000731;369.67
04723;EER démarré;08/05/2026;54f3a5c7;1000000740;868.39
04723;EER démarré;08/05/2026;653ea044;1000000741;849.20
03706;EER non démarré;08/05/2026;—;1000000750;721.40
03706;EER non démarré;08/05/2026;—;1000000751;692.96
05681;EER non démarré;08/05/2026;—;1000000760;747.02
05681;EER non démarré;08/05/2026;—;1000000761;677.02
09429;EER démarré;08/05/2026;d41c01f3;1000000770;707.63
09429;EER démarré;08/05/2026;8b068057;1000000771;795.93
09238;EER non démarré;08/05/2026;—;1000000780;224.02
09238;EER non démarré;08/05/2026;—;1000000781;100.39
03706;EER non démarré;08/05/2026;—;1000000790;382.04
03706;EER non démarré;08/05/2026;—;1000000791;169.84
05027;EER validé;08/05/2026;5e4b21f4;1000000800;488.94
05027;EER validé;08/05/2026;6e393ac3;1000000801;202.26
06744;EER non démarré;08/05/2026;—;1000000810;611.72
06744;EER non démarré;08/05/2026;—;1000000811;959.13
06772;EER non démarré;08/05/2026;—;1000000820;421.81
06772;EER non démarré;08/05/2026;—;1000000821;845.84
07386;EER démarré;08/05/2026;185fc584;1000000830;587.89
07386;EER démarré;08/05/2026;4eb1fa71;1000000831;969.46
03153;EER validé;08/05/2026;37f61c29;1000000840;303.41
03153;EER validé;08/05/2026;5ad501ae;1000000841;414.97
03917;EER validé;08/05/2026;ae9ccf7a;1000000850;599.49
03917;EER validé;08/05/2026;0d485605;1000000851;149.36
03940;EER non démarré;08/05/2026;—;1000000860;629.36
03940;EER non démarré;08/05/2026;—;1000000861;344.50
06744;EER non démarré;08/05/2026;—;1000000870;155.95
06744;EER non démarré;08/05/2026;—;1000000871;834.94
03940;EER non démarré;08/05/2026;—;1000000880;938.27
03940;EER non démarré;08/05/2026;—;1000000881;149.49
04669;EER non démarré;08/05/2026;—;1000000890;249.64
04669;EER non démarré;08/05/2026;—;1000000891;928.78
01546;EER non démarré;08/05/2026;—;1000000900;975.19
01546;EER non démarré;08/05/2026;—;1000000901;841.09
08495;EER démarré;08/05/2026;d977cd87;1000000910;284.46
08495;EER démarré;08/05/2026;a0abbba2;1000000911;490.67
08414;EER non démarré;08/05/2026;—;1000000920;694.91
08414;EER non démarré;08/05/2026;—;1000000921;265.50
05107;EER démarré;08/05/2026;b87061f8;1000000930;761.83
05107;EER démarré;08/05/2026;4889cf2c;1000000931;555.16
01984;EER à valider;08/05/2026;ce22d263;1000000940;979.15
01984;EER à valider;08/05/2026;b47abb36;1000000941;680.37
06744;EER validé;08/05/2026;a9292b77;1000000950;718.46
06744;EER validé;08/05/2026;fad7d877;1000000951;293.70
06129;EER non démarré;08/05/2026;—;1000000960;677.62
06129;EER non démarré;08/05/2026;—;1000000961;826.50
07462;EER validé;08/05/2026;083b2f2b;1000000970;476.50
07462;EER validé;08/05/2026;386dfb21;1000000971;521.97
09238;EER non démarré;08/05/2026;—;1000000980;718.42
09238;EER non démarré;08/05/2026;—;1000000981;937.88
05326;EER validé;08/05/2026;a7e0b08d;1000000990;807.47
05326;EER validé;08/05/2026;1139541f;1000000991;687.33
09093;EER non démarré;08/05/2026;—;1000001000;859.14
09093;EER non démarré;08/05/2026;—;1000001001;909.34
00368;EER validé;08/05/2026;a9efc194;1000001010;671.38
00368;EER validé;08/05/2026;57f578d7;1000001011;334.72
02872;EER non démarré;08/05/2026;—;1000001020;823.10
02872;EER non démarré;08/05/2026;—;1000001021;109.74
06178;EER non démarré;08/05/2026;—;1000001030;313.34
06178;EER non démarré;08/05/2026;—;1000001031;741.21
06744;EER non démarré;08/05/2026;—;1000001040;266.87
06744;EER non démarré;08/05/2026;—;1000001041;317.21
04333;EER non démarré;08/05/2026;—;1000001050;800.96
04333;EER non démarré;08/05/2026;—;1000001051;653.14
05954;EER non démarré;08/05/2026;—;1000001060;771.17
05954;EER non démarré;08/05/2026;—;1000001061;107.99
02455;EER validé;08/05/2026;03f6252c;1000001070;525.39
02455;EER validé;08/05/2026;0ecccca2;1000001071;932.09
05522;EER non démarré;08/05/2026;—;1000001080;539.18
05522;EER non démarré;08/05/2026;—;1000001081;298.75
09238;EER non démarré;08/05/2026;—;1000001090;366.41
09238;EER non démarré;08/05/2026;—;1000001091;907.80
09238;EER non démarré;08/05/2026;—;1000001100;529.35
09238;EER non démarré;08/05/2026;—;1000001101;781.60
05616;EER non démarré;08/05/2026;—;1000001110;615.10
05616;EER non démarré;08/05/2026;—;1000001111;844.38
09931;EER non démarré;08/05/2026;—;1000001120;798.58
09931;EER non démarré;08/05/2026;—;1000001121;436.47
06332;EER non démarré;08/05/2026;—;1000001130;481.93
06332;EER non démarré;08/05/2026;—;1000001131;587.28
09238;EER démarré;08/05/2026;aaf84070;1000001140;906.34
09238;EER démarré;08/05/2026;eda83310;1000001141;443.56
01046;EER non démarré;08/05/2026;—;1000001150;368.81
01046;EER non démarré;08/05/2026;—;1000001151;490.91
07386;EER non démarré;08/05/2026;—;1000001160;596.27
07386;EER non démarré;08/05/2026;—;1000001161;764.83
06550;EER non démarré;08/05/2026;—;1000001170;113.37
06550;EER non démarré;08/05/2026;—;1000001171;191.74
05925;EER non démarré;08/05/2026;—;1000001180;549.38
05925;EER non démarré;08/05/2026;—;1000001181;812.87
09238;EER non démarré;08/05/2026;—;1000001190;823.07
09238;EER non démarré;08/05/2026;—;1000001191;395.94
05027;EER validé;08/05/2026;bb36bc50;1000001200;930.23
05027;EER validé;08/05/2026;a150c986;1000001201;319.23
07627;EER validé;08/05/2026;d6408d37;1000001210;923.42
07627;EER validé;08/05/2026;a2e7a3d0;1000001211;541.34
07386;EER non démarré;08/05/2026;—;1000001220;224.04
07386;EER non démarré;08/05/2026;—;1000001221;367.51
04083;EER non démarré;08/05/2026;—;1000001230;880.90
04083;EER non démarré;08/05/2026;—;1000001231;548.05
06621;EER non démarré;08/05/2026;—;1000001240;280.68
06621;EER non démarré;08/05/2026;—;1000001241;140.92
02200;EER non démarré;08/05/2026;—;1000001250;701.00
02200;EER non démarré;08/05/2026;—;1000001251;469.75
03940;EER démarré;08/05/2026;853d30f0;1000001260;456.76
03940;EER démarré;08/05/2026;d5f4836e;1000001261;257.84
00179;EER à rejeter;08/05/2026;b626872b;1000001270;400.67
00179;EER à rejeter;08/05/2026;2b26abde;1000001271;243.38
09238;EER validé;08/05/2026;367e90ed;1000001280;786.94
09238;EER validé;08/05/2026;3d9cd593;1000001281;730.23
09062;EER démarré;08/05/2026;492f40b0;1000001290;856.18
09062;EER démarré;08/05/2026;0aa51811;1000001291;619.64
09110;EER non démarré;08/05/2026;—;1000001300;171.67
09110;EER non démarré;08/05/2026;—;1000001301;958.62
05991;EER validé;08/05/2026;bebe168c;1000001310;100.26
05991;EER validé;08/05/2026;9904dc56;1000001311;587.59
05331;EER à valider;08/05/2026;372add8a;1000001320;656.46
05331;EER à valider;08/05/2026;79413699;1000001321;234.15
03202;EER validé;08/05/2026;3c967ac5;1000001330;696.14
03202;EER validé;08/05/2026;c6214ed3;1000001331;408.90
03940;EER démarré;08/05/2026;3aa7942c;1000001340;968.43
03940;EER démarré;08/05/2026;836f6da8;1000001341;891.73
01650;EER non démarré;08/05/2026;—;1000001350;625.35
01650;EER non démarré;08/05/2026;—;1000001351;205.01
04733;EER non démarré;08/05/2026;—;1000001360;690.80
04733;EER non démarré;08/05/2026;—;1000001361;713.99
05326;EER non démarré;08/05/2026;—;1000001370;420.16
05326;EER non démarré;08/05/2026;—;1000001371;175.44
09549;EER non démarré;08/05/2026;—;1000001380;369.62
09549;EER non démarré;08/05/2026;—;1000001381;541.46
05443;EER non démarré;08/05/2026;—;1000001390;649.68
05443;EER non démarré;08/05/2026;—;1000001391;153.40
05682;EER non démarré;08/05/2026;—;1000001400;911.05
05682;EER non démarré;08/05/2026;—;1000001401;490.28
09238;EER non démarré;08/05/2026;—;1000001410;631.10
09238;EER non démarré;08/05/2026;—;1000001411;320.83
09238;EER démarré;08/05/2026;90d235fc;1000001420;527.85
09238;EER démarré;08/05/2026;7a8d242e;1000001421;450.06
07386;EER non démarré;08/05/2026;—;1000001430;172.98
07386;EER non démarré;08/05/2026;—;1000001431;290.86
06744;EER non démarré;08/05/2026;—;1000001440;147.53
06744;EER non démarré;08/05/2026;—;1000001441;605.00
02396;EER non démarré;08/05/2026;—;1000001450;108.83
02396;EER non démarré;08/05/2026;—;1000001451;357.13
08247;EER non démarré;08/05/2026;—;1000001460;309.69
08247;EER non démarré;08/05/2026;—;1000001461;634.98
06239;EER non démarré;08/05/2026;—;1000001470;601.27
06239;EER non démarré;08/05/2026;—;1000001471;860.80
04538;EER non démarré;08/05/2026;—;1000001480;624.81
04538;EER non démarré;08/05/2026;—;1000001481;496.65
01449;EER validé;08/05/2026;050160f6;1000001490;553.21
01449;EER validé;08/05/2026;492f8592;1000001491;788.52
01192;EER validé;08/05/2026;04a047ea;1000001500;998.57
01192;EER validé;08/05/2026;c5775992;1000001501;884.88
09483;EER non démarré;08/05/2026;—;1000001510;803.12
09483;EER non démarré;08/05/2026;—;1000001511;815.46
07627;EER validé;08/05/2026;ac069b90;1000001520;935.73
07627;EER validé;08/05/2026;6322e9c5;1000001521;692.67
09679;EER non démarré;08/05/2026;—;1000001530;436.74
09679;EER non démarré;08/05/2026;—;1000001531;996.44
07627;EER non démarré;08/05/2026;—;1000001540;634.04
07627;EER non démarré;08/05/2026;—;1000001541;963.16
09238;EER validé;08/05/2026;33c01635;1000001550;574.83
09238;EER validé;08/05/2026;19d3fc9b;1000001551;532.73
09238;EER non démarré;08/05/2026;—;1000001560;308.83
09238;EER non démarré;08/05/2026;—;1000001561;404.36
05468;EER validé;08/05/2026;9a0da68c;1000001570;890.84
05468;EER validé;08/05/2026;64d48f46;1000001571;777.57
03366;EER non démarré;08/05/2026;—;1000001580;887.02
03366;EER non démarré;08/05/2026;—;1000001581;691.55
04721;EER non démarré;08/05/2026;—;1000001590;782.54
04721;EER non démarré;08/05/2026;—;1000001591;731.52
08840;EER non démarré;08/05/2026;—;1000001600;356.62
08840;EER non démarré;08/05/2026;—;1000001601;966.48
07627;EER non démarré;08/05/2026;—;1000001610;342.35
07627;EER non démarré;08/05/2026;—;1000001611;646.12
09238;EER non démarré;08/05/2026;—;1000001620;957.95
09238;EER non démarré;08/05/2026;—;1000001621;503.59
01192;EER non démarré;08/05/2026;—;1000001630;787.60
01192;EER non démarré;08/05/2026;—;1000001631;112.12
04700;EER validé;08/05/2026;168be813;1000001640;452.57
04700;EER validé;08/05/2026;c34fc47e;1000001641;136.34
02455;EER validé;08/05/2026;5ed8d3eb;1000001650;521.76
02455;EER validé;08/05/2026;7c1ea741;1000001651;602.81
02200;EER à rejeter;08/05/2026;305224fd;1000001660;880.62
02200;EER à rejeter;08/05/2026;e12af775;1000001661;939.95
09238;EER non démarré;08/05/2026;—;1000001670;719.40
09238;EER non démarré;08/05/2026;—;1000001671;491.87
06744;EER non démarré;08/05/2026;—;1000001680;744.06
06744;EER non démarré;08/05/2026;—;1000001681;779.89
09282;EER validé;08/05/2026;697e71dc;1000001690;915.94
09282;EER validé;08/05/2026;bbf7f176;1000001691;630.01
09069;EER validé;08/05/2026;3ab1940e;1000001700;690.60
09069;EER validé;08/05/2026;2c342183;1000001701;829.68
01588;EER non démarré;08/05/2026;—;1000001710;216.85
01588;EER non démarré;08/05/2026;—;1000001711;399.82
08421;EER non démarré;08/05/2026;—;1000001720;877.70
08421;EER non démarré;08/05/2026;—;1000001721;337.37
06744;EER validé;08/05/2026;07458ee9;1000001730;191.84
06744;EER validé;08/05/2026;026488e1;1000001731;360.62
03418;EER non démarré;08/05/2026;—;1000001740;100.66
03418;EER non démarré;08/05/2026;—;1000001741;884.28
08495;EER non démarré;08/05/2026;—;1000001750;850.86
08495;EER non démarré;08/05/2026;—;1000001751;715.12
09238;EER validé;08/05/2026;8cb2fa61;1000001760;667.87
09238;EER validé;08/05/2026;4da76a05;1000001761;459.63
00355;EER rejeté;08/05/2026;c1f825e9;1000001770;376.22
00355;EER rejeté;08/05/2026;dbf5c3c5;1000001771;819.59
09238;EER non démarré;08/05/2026;—;1000001780;817.63
09238;EER non démarré;08/05/2026;—;1000001781;165.00
01036;EER démarré;08/05/2026;62852c8e;1000001790;339.22
01036;EER démarré;08/05/2026;83b418d7;1000001791;925.77
09238;EER validé;08/05/2026;3916b0a5;1000001800;238.65
09238;EER validé;08/05/2026;0705a531;1000001801;226.56
09282;EER non démarré;08/05/2026;—;1000001810;343.33
09282;EER non démarré;08/05/2026;—;1000001811;436.91
01472;EER validé;08/05/2026;a204b32f;1000001820;275.98
01472;EER validé;08/05/2026;1840a006;1000001821;789.09
02988;EER non démarré;08/05/2026;—;1000001830;286.50
02988;EER non démarré;08/05/2026;—;1000001831;218.48
05540;EER non démarré;08/05/2026;—;1000001840;990.68
05540;EER non démarré;08/05/2026;—;1000001841;625.97
08641;EER démarré;08/05/2026;15ed77cd;1000001850;699.18
08641;EER démarré;08/05/2026;55791892;1000001851;526.97
03366;EER non démarré;08/05/2026;—;1000001860;864.67
03366;EER non démarré;08/05/2026;—;1000001861;851.72
04781;EER non démarré;08/05/2026;—;1000001870;196.32
04781;EER non démarré;08/05/2026;—;1000001871;446.96
06125;EER validé;08/05/2026;54f97911;1000001880;774.83
06125;EER validé;08/05/2026;a0254ee6;1000001881;558.71
05976;EER non démarré;08/05/2026;—;1000001890;581.03
05976;EER non démarré;08/05/2026;—;1000001891;709.01
08448;EER validé;08/05/2026;1b2b12f2;1000001900;257.66
08448;EER validé;08/05/2026;25938b29;1000001901;626.44
05522;EER non démarré;08/05/2026;—;1000001910;127.31
05522;EER non démarré;08/05/2026;—;1000001911;365.74
00118;EER non démarré;08/05/2026;—;1000001920;890.01
00118;EER non démarré;08/05/2026;—;1000001921;643.80
07386;EER non démarré;08/05/2026;—;1000001930;616.61
07386;EER non démarré;08/05/2026;—;1000001931;991.95
01588;EER non démarré;08/05/2026;—;1000001940;744.47
01588;EER non démarré;08/05/2026;—;1000001941;817.49
09885;EER validé;08/05/2026;500b8a75;1000001950;246.82
09885;EER validé;08/05/2026;26c656d2;1000001951;617.41
05027;EER validé;08/05/2026;9137c9f2;1000001960;287.20
05027;EER validé;08/05/2026;c668a684;1000001961;453.30
04626;EER non démarré;08/05/2026;—;1000001970;427.11
04626;EER non démarré;08/05/2026;—;1000001971;834.18
09238;EER validé;08/05/2026;3d171737;1000001980;423.33
09238;EER validé;08/05/2026;c266e8bb;1000001981;803.93
04650;EER à valider;08/05/2026;4db5f96c;1000001990;917.88
04650;EER à valider;08/05/2026;8405f86d;1000001991;695.84
09940;EER non démarré;08/05/2026;—;1000002000;292.52
09940;EER non démarré;08/05/2026;—;1000002001;786.66
01302;EER non démarré;08/05/2026;—;1000002010;631.94
01302;EER non démarré;08/05/2026;—;1000002011;688.69
08697;EER non démarré;08/05/2026;—;1000002020;988.95
08697;EER non démarré;08/05/2026;—;1000002021;785.90
06744;EER non démarré;08/05/2026;—;1000002030;282.72
06744;EER non démarré;08/05/2026;—;1000002031;794.41
09238;EER validé;08/05/2026;ac7cae18;1000002040;323.43
09238;EER validé;08/05/2026;4e9a636e;1000002041;849.38
06792;EER non démarré;08/05/2026;—;1000002050;567.11
06792;EER non démarré;08/05/2026;—;1000002051;543.20
07627;EER non démarré;08/05/2026;—;1000002060;544.31
07627;EER non démarré;08/05/2026;—;1000002061;740.06
06792;EER non démarré;08/05/2026;—;1000002070;253.20
06792;EER non démarré;08/05/2026;—;1000002071;947.41
03618;EER non démarré;08/05/2026;—;1000002080;729.79
03618;EER non démarré;08/05/2026;—;1000002081;792.35
01743;EER non démarré;08/05/2026;—;1000002090;776.59
01743;EER non démarré;08/05/2026;—;1000002091;550.04
03940;EER non démarré;08/05/2026;—;1000002100;988.61
03940;EER non démarré;08/05/2026;—;1000002101;687.33
07386;EER non démarré;08/05/2026;—;1000002110;104.05
07386;EER non démarré;08/05/2026;—;1000002111;241.18
03172;EER non démarré;08/05/2026;—;1000002120;217.10
03172;EER non démarré;08/05/2026;—;1000002121;208.76
01984;EER non démarré;08/05/2026;—;1000002130;827.44
01984;EER non démarré;08/05/2026;—;1000002131;551.39
04237;EER non démarré;08/05/2026;—;1000002140;897.14
04237;EER non démarré;08/05/2026;—;1000002141;929.20
08342;EER non démarré;08/05/2026;—;1000002150;494.64
08342;EER non démarré;08/05/2026;—;1000002151;897.60
09238;EER rejeté;08/05/2026;7a610e5c;1000002160;230.76
09238;EER rejeté;08/05/2026;c562388a;1000002161;547.31
05334;EER non démarré;08/05/2026;—;1000002170;794.34
05334;EER non démarré;08/05/2026;—;1000002171;271.49
00438;EER validé;08/05/2026;bbf0072e;1000002180;143.40
00438;EER validé;08/05/2026;54fbbbbc;1000002181;916.77
09238;EER validé;08/05/2026;d51a8ec3;1000002190;868.28
09238;EER validé;08/05/2026;1e8280ed;1000002191;613.83
08414;EER non démarré;08/05/2026;—;1000002200;760.85
08414;EER non démarré;08/05/2026;—;1000002201;331.54
07123;EER non démarré;08/05/2026;—;1000002210;703.32
07123;EER non démarré;08/05/2026;—;1000002211;899.20
01036;EER démarré;08/05/2026;dfa3b37a;1000002220;815.47
01036;EER démarré;08/05/2026;2019b425;1000002221;724.43
05733;EER validé;08/05/2026;fba8a420;1000002230;109.69
05733;EER validé;08/05/2026;68e51024;1000002231;211.06
06812;EER non démarré;08/05/2026;—;1000002240;495.17
06812;EER non démarré;08/05/2026;—;1000002241;898.06
04704;EER non démarré;08/05/2026;—;1000002250;966.62
04704;EER non démarré;08/05/2026;—;1000002251;940.57
07286;EER non démarré;08/05/2026;—;1000002260;542.07
07286;EER non démarré;08/05/2026;—;1000002261;500.84
05443;EER non démarré;08/05/2026;—;1000002270;675.60
05443;EER non démarré;08/05/2026;—;1000002271;328.56
05722;EER non démarré;08/05/2026;—;1000002280;271.29
05722;EER non démarré;08/05/2026;—;1000002281;300.39
09238;EER non démarré;08/05/2026;—;1000002290;618.25
09238;EER non démarré;08/05/2026;—;1000002291;218.04
00832;EER non démarré;08/05/2026;—;1000002300;836.22
00832;EER non démarré;08/05/2026;—;1000002301;580.97
07067;EER non démarré;08/05/2026;—;1000002310;691.12
07067;EER non démarré;08/05/2026;—;1000002311;951.94
05675;EER non démarré;08/05/2026;—;1000002320;591.30
05675;EER non démarré;08/05/2026;—;1000002321;957.37
03910;EER non démarré;08/05/2026;—;1000002330;826.30
03910;EER non démarré;08/05/2026;—;1000002331;564.59
03940;EER non démarré;08/05/2026;—;1000002340;341.84
03940;EER non démarré;08/05/2026;—;1000002341;733.85
07386;EER non démarré;08/05/2026;—;1000002350;753.77
07386;EER non démarré;08/05/2026;—;1000002351;658.44
03852;EER démarré;08/05/2026;8ff26636;1000002360;400.92
03852;EER démarré;08/05/2026;6be1e1b5;1000002361;991.40
07125;EER non démarré;08/05/2026;—;1000002370;436.92
07125;EER non démarré;08/05/2026;—;1000002371;581.59
00375;EER non démarré;08/05/2026;—;1000002380;224.05
00375;EER non démarré;08/05/2026;—;1000002381;850.51
05206;EER non démarré;08/05/2026;—;1000002390;272.55
05206;EER non démarré;08/05/2026;—;1000002391;998.77
07286;EER non démarré;07/05/2026;—;1000002400;533.29
07286;EER non démarré;07/05/2026;—;1000002401;909.84
03358;EER validé;07/05/2026;9f75237e;1000002410;265.97
03358;EER validé;07/05/2026;1fb9a477;1000002411;660.13
05884;EER non démarré;07/05/2026;—;1000002420;113.90
05884;EER non démarré;07/05/2026;—;1000002421;108.61
07063;EER non démarré;07/05/2026;—;1000002430;228.08
07063;EER non démarré;07/05/2026;—;1000002431;407.94
07386;EER non démarré;07/05/2026;—;1000002440;466.56
07386;EER non démarré;07/05/2026;—;1000002441;206.68
09238;EER non démarré;07/05/2026;—;1000002450;192.87
09238;EER non démarré;07/05/2026;—;1000002451;441.56
07063;EER non démarré;07/05/2026;—;1000002460;165.04
07063;EER non démarré;07/05/2026;—;1000002461;505.21
01856;EER démarré;07/05/2026;69a8bafa;1000002470;482.22
01856;EER démarré;07/05/2026;7f8b57e1;1000002471;998.95
07927;EER non démarré;07/05/2026;—;1000002480;202.18
07927;EER non démarré;07/05/2026;—;1000002481;352.81
02496;EER non démarré;07/05/2026;—;1000002490;410.57
02496;EER non démarré;07/05/2026;—;1000002491;326.17
08558;EER validé;07/05/2026;28b65489;1000002500;459.90
08558;EER validé;07/05/2026;327c30f1;1000002501;442.65
08084;EER validé;07/05/2026;6746845c;1000002510;917.36
08084;EER validé;07/05/2026;ff6c59f3;1000002511;551.82
06744;EER non démarré;07/05/2026;—;1000002520;826.19
06744;EER non démarré;07/05/2026;—;1000002521;543.36
09355;EER non démarré;07/05/2026;—;1000002530;397.20
09355;EER non démarré;07/05/2026;—;1000002531;297.10
09238;EER non démarré;07/05/2026;—;1000002540;859.17
09238;EER non démarré;07/05/2026;—;1000002541;882.80
09238;EER non démarré;07/05/2026;—;1000002550;599.86
09238;EER non démarré;07/05/2026;—;1000002551;372.73
05386;EER non démarré;07/05/2026;—;1000002560;411.68
05386;EER non démarré;07/05/2026;—;1000002561;336.20
03784;EER démarré;07/05/2026;cd1d923e;1000002570;604.30
03784;EER démarré;07/05/2026;48814d32;1000002571;976.86
09238;EER démarré;07/05/2026;fdb0af50;1000002580;222.24
09238;EER démarré;07/05/2026;63af457d;1000002581;285.41
07386;EER non démarré;07/05/2026;—;1000002590;775.63
07386;EER non démarré;07/05/2026;—;1000002591;354.61
04868;EER validé;07/05/2026;96fcfcc9;1000002600;167.94
04868;EER validé;07/05/2026;3a48da20;1000002601;936.56
09667;EER non démarré;07/05/2026;—;1000002610;882.99
09667;EER non démarré;07/05/2026;—;1000002611;724.01
02518;EER non démarré;07/05/2026;—;1000002620;912.25
02518;EER non démarré;07/05/2026;—;1000002621;566.12
00349;EER non démarré;07/05/2026;—;1000002630;541.17
00349;EER non démarré;07/05/2026;—;1000002631;970.70
00165;EER non démarré;07/05/2026;—;1000002640;360.40
00165;EER non démarré;07/05/2026;—;1000002641;775.82
08414;EER non démarré;07/05/2026;—;1000002650;604.11
08414;EER non démarré;07/05/2026;—;1000002651;478.31
06738;EER non démarré;07/05/2026;—;1000002660;179.18
06738;EER non démarré;07/05/2026;—;1000002661;700.05
09985;EER non démarré;07/05/2026;—;1000002670;104.73
09985;EER non démarré;07/05/2026;—;1000002671;311.47
08414;EER non démarré;07/05/2026;—;1000002680;402.91
08414;EER non démarré;07/05/2026;—;1000002681;218.23
07560;EER démarré;07/05/2026;0eaa740a;1000002690;890.17
07560;EER démarré;07/05/2026;0f11ced7;1000002691;562.64
02675;EER non démarré;07/05/2026;—;1000002700;417.77
02675;EER non démarré;07/05/2026;—;1000002701;143.30
00936;EER validé;07/05/2026;29c19503;1000002710;744.08
00936;EER validé;07/05/2026;24ef6af7;1000002711;735.18
01132;EER démarré;07/05/2026;8d532e88;1000002720;645.86
01132;EER démarré;07/05/2026;2a1f146b;1000002721;467.81
04669;EER rejeté;07/05/2026;5950ae1c;1000002730;711.10
04669;EER rejeté;07/05/2026;983de3c8;1000002731;418.46
07814;EER non démarré;07/05/2026;—;1000002740;451.80
07814;EER non démarré;07/05/2026;—;1000002741;622.23
09017;EER non démarré;07/05/2026;—;1000002750;222.60
09017;EER non démarré;07/05/2026;—;1000002751;898.34
07286;EER à rejeter;07/05/2026;ffd00564;1000002760;652.81
07286;EER à rejeter;07/05/2026;3a01b7a3;1000002761;155.79
07961;EER démarré;07/05/2026;f0fa25b5;1000002770;367.80
07961;EER démarré;07/05/2026;566999ea;1000002771;330.03
08144;EER démarré;07/05/2026;111d948c;1000002780;699.09
08144;EER démarré;07/05/2026;5410d051;1000002781;522.54
06094;EER démarré;07/05/2026;67df6111;1000002790;531.72
06094;EER démarré;07/05/2026;7821389b;1000002791;515.37
05522;EER démarré;07/05/2026;cc09a180;1000002800;410.99
05522;EER démarré;07/05/2026;70cfb2cf;1000002801;399.34
00386;EER démarré;07/05/2026;84e698c8;1000002810;842.24
00386;EER démarré;07/05/2026;6448958a;1000002811;839.16
04253;EER non démarré;07/05/2026;—;1000002820;216.52
04253;EER non démarré;07/05/2026;—;1000002821;127.11
03915;EER non démarré;07/05/2026;—;1000002830;760.42
03915;EER non démarré;07/05/2026;—;1000002831;396.37
07386;EER non démarré;07/05/2026;—;1000002840;246.63
07386;EER non démarré;07/05/2026;—;1000002841;442.83
08448;EER validé;07/05/2026;38d56e08;1000002850;583.26
08448;EER validé;07/05/2026;4123fe35;1000002851;573.54
06744;EER non démarré;07/05/2026;—;1000002860;217.79
06744;EER non démarré;07/05/2026;—;1000002861;852.06
04650;EER validé;07/05/2026;2d4ac68d;1000002870;200.13
04650;EER validé;07/05/2026;bfbece1c;1000002871;900.63
02883;EER non démarré;07/05/2026;—;1000002880;297.49
02883;EER non démarré;07/05/2026;—;1000002881;281.63
05682;EER non démarré;07/05/2026;—;1000002890;821.25
05682;EER non démarré;07/05/2026;—;1000002891;914.45
08267;EER non démarré;07/05/2026;—;1000002900;806.72
08267;EER non démarré;07/05/2026;—;1000002901;786.61
08671;EER non démarré;07/05/2026;—;1000002910;370.78
08671;EER non démarré;07/05/2026;—;1000002911;796.64
09408;EER non démarré;07/05/2026;—;1000002920;548.60
09408;EER non démarré;07/05/2026;—;1000002921;575.92
02839;EER non démarré;07/05/2026;—;1000002930;160.35
02839;EER non démarré;07/05/2026;—;1000002931;166.83
08048;EER non démarré;07/05/2026;—;1000002940;674.03
08048;EER non démarré;07/05/2026;—;1000002941;422.94
08342;EER non démarré;07/05/2026;—;1000002950;559.05
08342;EER non démarré;07/05/2026;—;1000002951;153.89
08495;EER validé;07/05/2026;1cce0dc0;1000002960;815.78
08495;EER validé;07/05/2026;7925ac57;1000002961;870.89
03205;EER non démarré;07/05/2026;—;1000002970;806.14
03205;EER non démarré;07/05/2026;—;1000002971;831.64
09483;EER validé;07/05/2026;d5bfeadb;1000002980;741.33
09483;EER validé;07/05/2026;d3f0d6b2;1000002981;896.17
08414;EER non démarré;07/05/2026;—;1000002990;197.08
08414;EER non démarré;07/05/2026;—;1000002991;591.13
01358;EER non démarré;07/05/2026;—;1000003000;241.19
01358;EER non démarré;07/05/2026;—;1000003001;172.66
03940;EER non démarré;07/05/2026;—;1000003010;610.83
03940;EER non démarré;07/05/2026;—;1000003011;717.60
09549;EER non démarré;07/05/2026;—;1000003020;845.22
09549;EER non démarré;07/05/2026;—;1000003021;537.89
09238;EER non démarré;07/05/2026;—;1000003030;887.03
09238;EER non démarré;07/05/2026;—;1000003031;990.07
09238;EER validé;07/05/2026;de737e80;1000003040;628.37
09238;EER validé;07/05/2026;66cfa416;1000003041;548.45
07286;EER démarré;07/05/2026;9765d07c;1000003050;362.23
07286;EER démarré;07/05/2026;736d5c67;1000003051;609.02
06260;EER non démarré;07/05/2026;—;1000003060;727.58
06260;EER non démarré;07/05/2026;—;1000003061;305.77
09679;EER non démarré;07/05/2026;—;1000003070;303.82
09679;EER non démarré;07/05/2026;—;1000003071;441.45
02225;EER validé;07/05/2026;9b9150b4;1000003080;808.60
02225;EER validé;07/05/2026;85808eb0;1000003081;747.67
09238;EER non démarré;07/05/2026;—;1000003090;708.21
09238;EER non démarré;07/05/2026;—;1000003091;289.49
08651;EER non démarré;07/05/2026;—;1000003100;553.87
08651;EER non démarré;07/05/2026;—;1000003101;693.58
02518;EER non démarré;07/05/2026;—;1000003110;251.77
02518;EER non démarré;07/05/2026;—;1000003111;918.21
09238;EER non démarré;07/05/2026;—;1000003120;310.75
09238;EER non démarré;07/05/2026;—;1000003121;250.44
05443;EER validé;07/05/2026;29990d02;1000003130;985.87
05443;EER validé;07/05/2026;21c2fbb1;1000003131;761.68
07386;EER validé;07/05/2026;174dfdde;1000003140;984.83
07386;EER validé;07/05/2026;6a535bdd;1000003141;890.23
08421;EER démarré;07/05/2026;5e4bf888;1000003150;166.97
08421;EER démarré;07/05/2026;96a733aa;1000003151;992.27
02604;EER rejeté;07/05/2026;79243d1c;1000003160;778.59
02604;EER rejeté;07/05/2026;607ad8e0;1000003161;211.39
08430;EER non démarré;07/05/2026;—;1000003170;765.61
08430;EER non démarré;07/05/2026;—;1000003171;335.59
05298;EER non démarré;07/05/2026;—;1000003180;476.82
05298;EER non démarré;07/05/2026;—;1000003181;253.36
09238;EER non démarré;07/05/2026;—;1000003190;531.09
09238;EER non démarré;07/05/2026;—;1000003191;458.40
07920;EER non démarré;07/05/2026;—;1000003200;822.55
07920;EER non démarré;07/05/2026;—;1000003201;295.47
03940;EER validé;07/05/2026;d4456bb0;1000003210;537.93
03940;EER validé;07/05/2026;999cb7df;1000003211;498.90
05538;EER non démarré;07/05/2026;—;1000003220;720.40
05538;EER non démarré;07/05/2026;—;1000003221;344.82
03924;EER non démarré;07/05/2026;—;1000003230;433.45
03924;EER non démarré;07/05/2026;—;1000003231;225.50
02886;EER à valider;07/05/2026;5071041e;1000003240;482.17
02886;EER à valider;07/05/2026;d77a94f8;1000003241;507.08
04955;EER non démarré;07/05/2026;—;1000003250;288.79
04955;EER non démarré;07/05/2026;—;1000003251;719.22
08144;EER non démarré;07/05/2026;—;1000003260;365.72
08144;EER non démarré;07/05/2026;—;1000003261;686.77
07286;EER non démarré;07/05/2026;—;1000003270;481.48
07286;EER non démarré;07/05/2026;—;1000003271;433.18
09985;EER non démarré;07/05/2026;—;1000003280;522.03
09985;EER non démarré;07/05/2026;—;1000003281;142.09
09238;EER non démarré;07/05/2026;—;1000003290;646.89
09238;EER non démarré;07/05/2026;—;1000003291;397.88
04669;EER validé;07/05/2026;2c1740af;1000003300;578.27
04669;EER validé;07/05/2026;9e65fc5e;1000003301;751.30
07047;EER non démarré;07/05/2026;—;1000003310;688.10
07047;EER non démarré;07/05/2026;—;1000003311;851.81
08495;EER non démarré;07/05/2026;—;1000003320;583.47
08495;EER non démarré;07/05/2026;—;1000003321;113.29
04955;EER non démarré;07/05/2026;—;1000003330;641.97
04955;EER non démarré;07/05/2026;—;1000003331;883.55
05522;EER démarré;07/05/2026;5df7278f;1000003340;329.34
05522;EER démarré;07/05/2026;5339c6c8;1000003341;153.47
06867;EER non démarré;07/05/2026;—;1000003350;269.05
06867;EER non démarré;07/05/2026;—;1000003351;789.80
09238;EER non démarré;07/05/2026;—;1000003360;728.13
09238;EER non démarré;07/05/2026;—;1000003361;402.12
02573;EER non démarré;07/05/2026;—;1000003370;809.10
02573;EER non démarré;07/05/2026;—;1000003371;235.57
07268;EER validé;07/05/2026;34efee85;1000003380;982.77
07268;EER validé;07/05/2026;ed5b5715;1000003381;758.62
04650;EER non démarré;07/05/2026;—;1000003390;467.98
04650;EER non démarré;07/05/2026;—;1000003391;470.24
04767;EER non démarré;07/05/2026;—;1000003400;396.92
04767;EER non démarré;07/05/2026;—;1000003401;210.42
06792;EER non démarré;07/05/2026;—;1000003410;639.29
06792;EER non démarré;07/05/2026;—;1000003411;453.83
01484;EER non démarré;07/05/2026;—;1000003420;715.29
01484;EER non démarré;07/05/2026;—;1000003421;686.07
03231;EER non démarré;07/05/2026;—;1000003430;477.38
03231;EER non démarré;07/05/2026;—;1000003431;837.08
09238;EER non démarré;07/05/2026;—;1000003440;937.15
09238;EER non démarré;07/05/2026;—;1000003441;599.62
05468;EER non démarré;07/05/2026;—;1000003450;953.68
05468;EER non démarré;07/05/2026;—;1000003451;302.93
06744;EER non démarré;07/05/2026;—;1000003460;692.68
06744;EER non démarré;07/05/2026;—;1000003461;206.35
05769;EER non démarré;07/05/2026;—;1000003470;491.29
05769;EER non démarré;07/05/2026;—;1000003471;490.72
00763;EER validé;07/05/2026;3f1d35b4;1000003480;343.76
00763;EER validé;07/05/2026;2f62e751;1000003481;535.51
06867;EER à valider;07/05/2026;e1de45e4;1000003490;518.88
06867;EER à valider;07/05/2026;eba51764;1000003491;971.86
06744;EER à valider;07/05/2026;a10c5ebd;1000003500;868.54
06744;EER à valider;07/05/2026;5fad0df4;1000003501;770.55
06744;EER démarré;07/05/2026;0336262a;1000003510;818.20
06744;EER démarré;07/05/2026;7d8e42f7;1000003511;632.76
05211;EER à valider;07/05/2026;aad27fdf;1000003520;171.87
05211;EER à valider;07/05/2026;2d185b06;1000003521;516.97
06792;EER non démarré;07/05/2026;—;1000003530;686.66
06792;EER non démarré;07/05/2026;—;1000003531;888.79
07853;EER à valider;07/05/2026;19b49b44;1000003540;256.90
07853;EER à valider;07/05/2026;9e84ffa2;1000003541;306.43
05522;EER non démarré;07/05/2026;—;1000003550;124.61
05522;EER non démarré;07/05/2026;—;1000003551;180.70
06667;EER non démarré;07/05/2026;—;1000003560;101.76
06667;EER non démarré;07/05/2026;—;1000003561;459.72
06744;EER non démarré;07/05/2026;—;1000003570;745.71
06744;EER non démarré;07/05/2026;—;1000003571;263.64
03730;EER validé;07/05/2026;9b107557;1000003580;554.79
03730;EER validé;07/05/2026;036968fc;1000003581;648.54
05765;EER non démarré;07/05/2026;—;1000003590;202.99
05765;EER non démarré;07/05/2026;—;1000003591;539.39
07782;EER à valider;07/05/2026;ddb65a84;1000003600;521.93
07782;EER à valider;07/05/2026;f803f875;1000003601;145.86
02000;EER non démarré;07/05/2026;—;1000003610;356.55
02000;EER non démarré;07/05/2026;—;1000003611;662.58
03863;EER non démarré;07/05/2026;—;1000003620;995.00
03863;EER non démarré;07/05/2026;—;1000003621;573.30
09902;EER non démarré;07/05/2026;—;1000003630;468.57
09902;EER non démarré;07/05/2026;—;1000003631;329.45
05722;EER validé;07/05/2026;b64ed904;1000003640;771.84
05722;EER validé;07/05/2026;53effc16;1000003641;221.98
06744;EER validé;07/05/2026;e33dcfa5;1000003650;295.13
06744;EER validé;07/05/2026;08c3d708;1000003651;238.21
06662;EER non démarré;07/05/2026;—;1000003660;267.82
06662;EER non démarré;07/05/2026;—;1000003661;194.02
08492;EER non démarré;07/05/2026;—;1000003670;832.36
08492;EER non démarré;07/05/2026;—;1000003671;756.16
02685;EER non démarré;07/05/2026;—;1000003680;544.85
02685;EER non démarré;07/05/2026;—;1000003681;902.72
06125;EER validé;07/05/2026;c443f455;1000003690;218.80
06125;EER validé;07/05/2026;f2b0323c;1000003691;309.60
06662;EER non démarré;07/05/2026;—;1000003700;572.40
06662;EER non démarré;07/05/2026;—;1000003701;338.53
03940;EER non démarré;07/05/2026;—;1000003710;806.65
03940;EER non démarré;07/05/2026;—;1000003711;890.67
09238;EER non démarré;07/05/2026;—;1000003720;258.31
09238;EER non démarré;07/05/2026;—;1000003721;209.62
01427;EER non démarré;07/05/2026;—;1000003730;606.73
01427;EER non démarré;07/05/2026;—;1000003731;958.51
00872;EER à valider;07/05/2026;6360a8b2;1000003740;967.47
00872;EER à valider;07/05/2026;7832c8e1;1000003741;426.47
06744;EER validé;07/05/2026;7a6b15bb;1000003750;494.29
06744;EER validé;07/05/2026;30dd41de;1000003751;542.66
00375;EER non démarré;07/05/2026;—;1000003760;629.80
00375;EER non démarré;07/05/2026;—;1000003761;944.77
02455;EER non démarré;07/05/2026;—;1000003770;369.12
02455;EER non démarré;07/05/2026;—;1000003771;363.08
08084;EER démarré;07/05/2026;9071966c;1000003780;789.87
08084;EER démarré;07/05/2026;ed710ac3;1000003781;349.99
04955;EER validé;07/05/2026;b3d1e906;1000003790;532.66
04955;EER validé;07/05/2026;74027431;1000003791;765.76
00945;EER non démarré;07/05/2026;—;1000003800;802.91
00945;EER non démarré;07/05/2026;—;1000003801;357.42
05099;EER validé;07/05/2026;18f88b1c;1000003810;610.36
05099;EER validé;07/05/2026;4515d457;1000003811;870.96
02897;EER non démarré;07/05/2026;—;1000003820;475.32
02897;EER non démarré;07/05/2026;—;1000003821;100.55
08414;EER non démarré;07/05/2026;—;1000003830;454.02
08414;EER non démarré;07/05/2026;—;1000003831;452.90
07286;EER non démarré;07/05/2026;—;1000003840;406.46
07286;EER non démarré;07/05/2026;—;1000003841;619.97
06738;EER non démarré;07/05/2026;—;1000003850;604.72
06738;EER non démarré;07/05/2026;—;1000003851;150.76
09893;EER non démarré;07/05/2026;—;1000003860;205.68
09893;EER non démarré;07/05/2026;—;1000003861;876.70
06125;EER non démarré;07/05/2026;—;1000003870;312.78
06125;EER non démarré;07/05/2026;—;1000003871;595.51
03940;EER non démarré;07/05/2026;—;1000003880;996.90
03940;EER non démarré;07/05/2026;—;1000003881;166.79
05285;EER non démarré;07/05/2026;—;1000003890;694.68
05285;EER non démarré;07/05/2026;—;1000003891;852.09
01694;EER non démarré;07/05/2026;—;1000003900;408.82
01694;EER non démarré;07/05/2026;—;1000003901;461.27
09238;EER non démarré;07/05/2026;—;1000003910;326.59
09238;EER non démarré;07/05/2026;—;1000003911;233.10
00151;EER non démarré;07/05/2026;—;1000003920;996.51
00151;EER non démarré;07/05/2026;—;1000003921;680.65
07627;EER non démarré;07/05/2026;—;1000003930;291.26
07627;EER non démarré;07/05/2026;—;1000003931;167.30
02657;EER non démarré;07/05/2026;—;1000003940;264.01
02657;EER non démarré;07/05/2026;—;1000003941;850.96
05270;EER non démarré;07/05/2026;—;1000003950;645.64
05270;EER non démarré;07/05/2026;—;1000003951;314.36
04883;EER non démarré;07/05/2026;—;1000003960;531.29
04883;EER non démarré;07/05/2026;—;1000003961;451.68
06744;EER validé;07/05/2026;7fcbafb4;1000003970;955.82
06744;EER validé;07/05/2026;30b45121;1000003971;583.32
04237;EER non démarré;07/05/2026;—;1000003980;816.35
04237;EER non démarré;07/05/2026;—;1000003981;409.68
03910;EER validé;07/05/2026;3e9f7629;1000003990;459.38
03910;EER validé;07/05/2026;6bcaffa7;1000003991;380.44
07386;EER validé;07/05/2026;e992866e;1000004000;539.47
07386;EER validé;07/05/2026;b258135c;1000004001;199.68
01602;EER validé;07/05/2026;1ef19fed;1000004010;843.23
01602;EER validé;07/05/2026;146e53ed;1000004011;873.64
08580;EER validé;07/05/2026;c0457d29;1000004020;551.24
08580;EER validé;07/05/2026;9fdad01d;1000004021;598.01
00386;EER validé;07/05/2026;ea7bbc26;1000004030;595.33
00386;EER validé;07/05/2026;66fccc5e;1000004031;268.79
01192;EER non démarré;07/05/2026;—;1000004040;573.90
01192;EER non démarré;07/05/2026;—;1000004041;412.96
05651;EER non démarré;07/05/2026;—;1000004050;201.42
05651;EER non démarré;07/05/2026;—;1000004051;212.42
05080;EER non démarré;07/05/2026;—;1000004060;935.12
05080;EER non démarré;07/05/2026;—;1000004061;895.21
05765;EER non démarré;07/05/2026;—;1000004070;407.69
05765;EER non démarré;07/05/2026;—;1000004071;855.40
09238;EER non démarré;07/05/2026;—;1000004080;251.50
09238;EER non démarré;07/05/2026;—;1000004081;369.69
05995;EER validé;07/05/2026;0713f2e5;1000004090;662.81
05995;EER validé;07/05/2026;9a5bd630;1000004091;365.28
06840;EER non démarré;07/05/2026;—;1000004100;765.64
06840;EER non démarré;07/05/2026;—;1000004101;420.49
00248;EER non démarré;07/05/2026;—;1000004110;938.20
00248;EER non démarré;07/05/2026;—;1000004111;930.84
08495;EER validé;07/05/2026;510f5db7;1000004120;756.38
08495;EER validé;07/05/2026;32e0c318;1000004121;838.44
01773;EER non démarré;07/05/2026;—;1000004130;712.25
01773;EER non démarré;07/05/2026;—;1000004131;224.92
07927;EER démarré;07/05/2026;45de3e76;1000004140;840.66
07927;EER démarré;07/05/2026;4eff0acf;1000004141;597.79
09238;EER non démarré;07/05/2026;—;1000004150;155.98
09238;EER non démarré;07/05/2026;—;1000004151;451.82
05954;EER démarré;07/05/2026;2573baa2;1000004160;728.27
05954;EER démarré;07/05/2026;350dcd07;1000004161;597.85
05027;EER non démarré;07/05/2026;—;1000004170;832.85
05027;EER non démarré;07/05/2026;—;1000004171;546.61
06744;EER non démarré;07/05/2026;—;1000004180;887.67
06744;EER non démarré;07/05/2026;—;1000004181;810.66
09073;EER validé;07/05/2026;b1b6b118;1000004190;422.88
09073;EER validé;07/05/2026;fe473afd;1000004191;280.41
06981;EER validé;07/05/2026;104e09ea;1000004200;303.59
06981;EER validé;07/05/2026;f3133f69;1000004201;598.95
04767;EER non démarré;07/05/2026;—;1000004210;281.84
04767;EER non démarré;07/05/2026;—;1000004211;708.97
02883;EER validé;07/05/2026;54d521c3;1000004220;356.38
02883;EER validé;07/05/2026;0d6d0d87;1000004221;399.88
09238;EER validé;07/05/2026;42921f31;1000004230;218.65
09238;EER validé;07/05/2026;43354e65;1000004231;611.76
05522;EER non démarré;07/05/2026;—;1000004240;912.16
05522;EER non démarré;07/05/2026;—;1000004241;449.18
09093;EER validé;07/05/2026;cd72cfdf;1000004250;464.78
09093;EER validé;07/05/2026;be15af32;1000004251;825.61
02148;EER à rejeter;07/05/2026;0ff34491;1000004260;286.73
02148;EER à rejeter;07/05/2026;4a232770;1000004261;803.46
08580;EER non démarré;07/05/2026;—;1000004270;723.70
08580;EER non démarré;07/05/2026;—;1000004271;635.78
02768;EER non démarré;07/05/2026;—;1000004280;849.99
02768;EER non démarré;07/05/2026;—;1000004281;255.13
09238;EER validé;07/05/2026;5b487b59;1000004290;790.13
09238;EER validé;07/05/2026;301a6325;1000004291;258.34
01800;EER non démarré;07/05/2026;—;1000004300;162.11
01800;EER non démarré;07/05/2026;—;1000004301;354.59
00469;EER validé;07/05/2026;970d05b3;1000004310;192.01
00469;EER validé;07/05/2026;97e6b691;1000004311;891.27
05326;EER validé;07/05/2026;dc89f8be;1000004320;497.70
05326;EER validé;07/05/2026;327621b3;1000004321;992.43
08608;EER non démarré;07/05/2026;—;1000004330;279.33
08608;EER non démarré;07/05/2026;—;1000004331;944.80
09238;EER non démarré;07/05/2026;—;1000004340;677.40
09238;EER non démarré;07/05/2026;—;1000004341;807.41
09238;EER non démarré;07/05/2026;—;1000004350;227.26
09238;EER non démarré;07/05/2026;—;1000004351;973.71
07848;EER non démarré;07/05/2026;—;1000004360;423.64
07848;EER non démarré;07/05/2026;—;1000004361;504.00
09238;EER validé;07/05/2026;29b19b2c;1000004370;670.03
09238;EER validé;07/05/2026;06dc0d3b;1000004371;801.22
04169;EER non démarré;07/05/2026;—;1000004380;809.59
04169;EER non démarré;07/05/2026;—;1000004381;185.02
01192;EER validé;07/05/2026;9462f1f0;1000004390;840.86
01192;EER validé;07/05/2026;3a0f2206;1000004391;467.41
05161;EER validé;07/05/2026;c4d50c4e;1000004400;271.49
05161;EER validé;07/05/2026;9264640c;1000004401;621.48
03050;EER validé;07/05/2026;564d35aa;1000004410;249.89
03050;EER validé;07/05/2026;2ae7195d;1000004411;323.18
05575;EER non démarré;07/05/2026;—;1000004420;192.13
05575;EER non démarré;07/05/2026;—;1000004421;393.54
09276;EER non démarré;07/05/2026;—;1000004430;755.15
09276;EER non démarré;07/05/2026;—;1000004431;254.05
09902;EER non démarré;07/05/2026;—;1000004440;416.89
09902;EER non démarré;07/05/2026;—;1000004441;600.65
04786;EER non démarré;07/05/2026;—;1000004450;787.85
04786;EER non démarré;07/05/2026;—;1000004451;122.35
00368;EER non démarré;07/05/2026;—;1000004460;608.85
00368;EER non démarré;07/05/2026;—;1000004461;404.09
07462;EER non démarré;07/05/2026;—;1000004470;285.77
07462;EER non démarré;07/05/2026;—;1000004471;662.83
09238;EER non démarré;07/05/2026;—;1000004480;286.83
09238;EER non démarré;07/05/2026;—;1000004481;498.04
05027;EER non démarré;07/05/2026;—;1000004490;670.09
05027;EER non démarré;07/05/2026;—;1000004491;993.33
06111;EER non démarré;07/05/2026;—;1000004500;334.31
06111;EER non démarré;07/05/2026;—;1000004501;948.42
01984;EER non démarré;07/05/2026;—;1000004510;267.08
01984;EER non démarré;07/05/2026;—;1000004511;337.41
08495;EER non démarré;07/05/2026;—;1000004520;515.29
08495;EER non démarré;07/05/2026;—;1000004521;432.62
05107;EER non démarré;07/05/2026;—;1000004530;401.27
05107;EER non démarré;07/05/2026;—;1000004531;427.68
08421;EER non démarré;07/05/2026;—;1000004540;236.32
08421;EER non démarré;07/05/2026;—;1000004541;965.03
07286;EER validé;07/05/2026;b0f8cb1c;1000004550;911.97
07286;EER validé;07/05/2026;afbac03e;1000004551;479.73
09725;EER non démarré;07/05/2026;—;1000004560;355.20
09725;EER non démarré;07/05/2026;—;1000004561;410.14
07627;EER non démarré;07/05/2026;—;1000004570;494.39
07627;EER non démarré;07/05/2026;—;1000004571;131.82
03789;EER démarré;06/05/2026;ae6e610a;1000004580;918.40
03789;EER démarré;06/05/2026;ba59ca9e;1000004581;469.26
05522;EER non démarré;06/05/2026;—;1000004590;598.99
05522;EER non démarré;06/05/2026;—;1000004591;722.99
07054;EER non démarré;06/05/2026;—;1000004600;459.76
07054;EER non démarré;06/05/2026;—;1000004601;374.74
06332;EER non démarré;06/05/2026;—;1000004610;689.66
06332;EER non démarré;06/05/2026;—;1000004611;683.29
01971;EER non démarré;06/05/2026;—;1000004620;558.31
01971;EER non démarré;06/05/2026;—;1000004621;879.06
07589;EER validé;06/05/2026;e72395f6;1000004630;173.95
07589;EER validé;06/05/2026;b834d126;1000004631;331.51
03999;EER non démarré;06/05/2026;—;1000004640;137.52
03999;EER non démarré;06/05/2026;—;1000004641;545.71
07335;EER validé;06/05/2026;9b7630c1;1000004650;298.18
07335;EER validé;06/05/2026;8ceb9865;1000004651;117.82
00285;EER démarré;06/05/2026;6e2729fe;1000004660;164.12
00285;EER démarré;06/05/2026;7cbba696;1000004661;745.75
00832;EER non démarré;06/05/2026;—;1000004670;123.49
00832;EER non démarré;06/05/2026;—;1000004671;904.69
01115;EER non démarré;06/05/2026;—;1000004680;125.14
01115;EER non démarré;06/05/2026;—;1000004681;333.58
00386;EER non démarré;06/05/2026;—;1000004690;992.62
00386;EER non démarré;06/05/2026;—;1000004691;782.10
08414;EER non démarré;06/05/2026;—;1000004700;581.15
08414;EER non démarré;06/05/2026;—;1000004701;149.52
00739;EER non démarré;06/05/2026;—;1000004710;922.63
00739;EER non démarré;06/05/2026;—;1000004711;575.66
06490;EER non démarré;06/05/2026;—;1000004720;409.52
06490;EER non démarré;06/05/2026;—;1000004721;598.24
08582;EER validé;06/05/2026;77d989dd;1000004730;643.00
08582;EER validé;06/05/2026;02760631;1000004731;330.62
08986;EER non démarré;06/05/2026;—;1000004740;904.76
08986;EER non démarré;06/05/2026;—;1000004741;463.71
09238;EER validé;06/05/2026;74098754;1000004750;592.55
09238;EER validé;06/05/2026;1e97e29d;1000004751;647.52
05995;EER validé;06/05/2026;734f2558;1000004760;644.82
05995;EER validé;06/05/2026;8aa2030b;1000004761;493.85
09238;EER non démarré;06/05/2026;—;1000004770;692.79
09238;EER non démarré;06/05/2026;—;1000004771;530.73
07286;EER non démarré;06/05/2026;—;1000004780;710.70
07286;EER non démarré;06/05/2026;—;1000004781;870.87
06348;EER validé;06/05/2026;00bf0417;1000004790;131.60
06348;EER validé;06/05/2026;f3987a34;1000004791;425.11
09885;EER non démarré;06/05/2026;—;1000004800;738.87
09885;EER non démarré;06/05/2026;—;1000004801;193.08
03850;EER non démarré;06/05/2026;—;1000004810;827.55
03850;EER non démarré;06/05/2026;—;1000004811;491.62
09238;EER non démarré;06/05/2026;—;1000004820;655.76
09238;EER non démarré;06/05/2026;—;1000004821;759.94
02230;EER non démarré;06/05/2026;—;1000004830;610.60
02230;EER non démarré;06/05/2026;—;1000004831;143.00
04781;EER non démarré;06/05/2026;—;1000004840;976.77
04781;EER non démarré;06/05/2026;—;1000004841;103.51
08342;EER à rejeter;06/05/2026;84438c45;1000004850;539.26
08342;EER à rejeter;06/05/2026;5b926577;1000004851;276.53
04456;EER non démarré;06/05/2026;—;1000004860;241.81
04456;EER non démarré;06/05/2026;—;1000004861;988.65
06744;EER non démarré;06/05/2026;—;1000004870;162.90
06744;EER non démarré;06/05/2026;—;1000004871;105.33
09238;EER validé;06/05/2026;f2553659;1000004880;220.04
09238;EER validé;06/05/2026;4c57e823;1000004881;750.72
00674;EER non démarré;06/05/2026;—;1000004890;941.92
00674;EER non démarré;06/05/2026;—;1000004891;117.37
05586;EER non démarré;06/05/2026;—;1000004900;494.08
05586;EER non démarré;06/05/2026;—;1000004901;698.35
09238;EER non démarré;06/05/2026;—;1000004910;959.07
09238;EER non démarré;06/05/2026;—;1000004911;472.83
08342;EER non démarré;06/05/2026;—;1000004920;137.08
08342;EER non démarré;06/05/2026;—;1000004921;371.59
09238;EER non démarré;06/05/2026;—;1000004930;855.25
09238;EER non démarré;06/05/2026;—;1000004931;703.72
09238;EER validé;06/05/2026;a6a37a3b;1000004940;374.82
09238;EER validé;06/05/2026;5d505759;1000004941;584.83
03039;EER non démarré;06/05/2026;—;1000004950;764.19
03039;EER non démarré;06/05/2026;—;1000004951;146.68
01896;EER non démarré;06/05/2026;—;1000004960;214.88
01896;EER non démarré;06/05/2026;—;1000004961;450.21
07439;EER non démarré;06/05/2026;—;1000004970;928.49
07439;EER non démarré;06/05/2026;—;1000004971;858.46
09455;EER non démarré;06/05/2026;—;1000004980;265.91
09455;EER non démarré;06/05/2026;—;1000004981;318.84
08041;EER validé;06/05/2026;fec2e065;1000004990;604.59
08041;EER validé;06/05/2026;f679471f;1000004991;229.39
06744;EER non démarré;06/05/2026;—;1000005000;555.42
06744;EER non démarré;06/05/2026;—;1000005001;515.97
02330;EER démarré;06/05/2026;351fe339;1000005010;113.90
02330;EER démarré;06/05/2026;d5aac6ca;1000005011;807.39
02079;EER non démarré;06/05/2026;—;1000005020;620.44
02079;EER non démarré;06/05/2026;—;1000005021;785.35
05326;EER rejeté;06/05/2026;5f7ee1f6;1000005030;226.77
05326;EER rejeté;06/05/2026;f3001f59;1000005031;921.75
05955;EER non démarré;06/05/2026;—;1000005040;548.08
05955;EER non démarré;06/05/2026;—;1000005041;710.34
00350;EER non démarré;06/05/2026;—;1000005050;632.82
00350;EER non démarré;06/05/2026;—;1000005051;443.01
00933;EER validé;06/05/2026;79efa75d;1000005060;603.46
00933;EER validé;06/05/2026;a21e4a3e;1000005061;514.66
08495;EER non démarré;06/05/2026;—;1000005070;474.47
08495;EER non démarré;06/05/2026;—;1000005071;994.44
01984;EER non démarré;06/05/2026;—;1000005080;977.89
01984;EER non démarré;06/05/2026;—;1000005081;139.53
00832;EER non démarré;06/05/2026;—;1000005090;294.50
00832;EER non démarré;06/05/2026;—;1000005091;218.01
02035;EER non démarré;06/05/2026;—;1000005100;504.98
02035;EER non démarré;06/05/2026;—;1000005101;612.41
01891;EER non démarré;06/05/2026;—;1000005110;723.80
01891;EER non démarré;06/05/2026;—;1000005111;818.58
09238;EER non démarré;06/05/2026;—;1000005120;546.97
09238;EER non démarré;06/05/2026;—;1000005121;109.40
03381;EER à valider;06/05/2026;7acc7b8b;1000005130;401.31
03381;EER à valider;06/05/2026;ade4b2ea;1000005131;874.30
06744;EER rejeté;06/05/2026;312b2eb4;1000005140;409.02
06744;EER rejeté;06/05/2026;78ca0cd0;1000005141;775.44
08253;EER validé;06/05/2026;8a002152;1000005150;191.68
08253;EER validé;06/05/2026;43232e07;1000005151;699.16
00368;EER non démarré;06/05/2026;—;1000005160;493.93
00368;EER non démarré;06/05/2026;—;1000005161;714.15
08048;EER validé;06/05/2026;ae10fb4e;1000005170;890.45
08048;EER validé;06/05/2026;fedfc1b8;1000005171;639.93
00685;EER non démarré;06/05/2026;—;1000005180;342.66
00685;EER non démarré;06/05/2026;—;1000005181;331.52
04699;EER validé;06/05/2026;63327248;1000005190;162.92
04699;EER validé;06/05/2026;abbbaf89;1000005191;350.79
03358;EER non démarré;06/05/2026;—;1000005200;255.81
03358;EER non démarré;06/05/2026;—;1000005201;420.29
06736;EER non démarré;06/05/2026;—;1000005210;343.61
06736;EER non démarré;06/05/2026;—;1000005211;598.84
09238;EER non démarré;06/05/2026;—;1000005220;567.74
09238;EER non démarré;06/05/2026;—;1000005221;692.46
04946;EER non démarré;06/05/2026;—;1000005230;137.60
04946;EER non démarré;06/05/2026;—;1000005231;519.60
06784;EER non démarré;06/05/2026;—;1000005240;234.13
06784;EER non démarré;06/05/2026;—;1000005241;257.65
06744;EER non démarré;06/05/2026;—;1000005250;236.15
06744;EER non démarré;06/05/2026;—;1000005251;679.36
03940;EER validé;06/05/2026;45c73d72;1000005260;559.08
03940;EER validé;06/05/2026;a1cafd73;1000005261;672.04
08969;EER non démarré;06/05/2026;—;1000005270;648.52
08969;EER non démarré;06/05/2026;—;1000005271;374.62
06744;EER non démarré;06/05/2026;—;1000005280;652.71
06744;EER non démarré;06/05/2026;—;1000005281;817.77
05443;EER non démarré;06/05/2026;—;1000005290;161.09
05443;EER non démarré;06/05/2026;—;1000005291;241.93
08421;EER non démarré;06/05/2026;—;1000005300;437.19
08421;EER non démarré;06/05/2026;—;1000005301;333.41
01597;EER non démarré;06/05/2026;—;1000005310;226.31
01597;EER non démarré;06/05/2026;—;1000005311;302.81
03940;EER démarré;06/05/2026;b2f5e3f1;1000005320;229.62
03940;EER démarré;06/05/2026;3f2b3d24;1000005321;470.52
07627;EER non démarré;06/05/2026;—;1000005330;821.18
07627;EER non démarré;06/05/2026;—;1000005331;237.95
03002;EER validé;06/05/2026;7533b7d6;1000005340;764.09
03002;EER validé;06/05/2026;bf420688;1000005341;275.04
07853;EER démarré;06/05/2026;43207d50;1000005350;155.56
07853;EER démarré;06/05/2026;5aa0df81;1000005351;665.38
03940;EER non démarré;06/05/2026;—;1000005360;728.72
03940;EER non démarré;06/05/2026;—;1000005361;881.59
09238;EER validé;06/05/2026;a526302e;1000005370;178.89
09238;EER validé;06/05/2026;75b0aeed;1000005371;229.55
00386;EER non démarré;06/05/2026;—;1000005380;205.77
00386;EER non démarré;06/05/2026;—;1000005381;549.21
06556;EER non démarré;06/05/2026;—;1000005390;550.28
06556;EER non démarré;06/05/2026;—;1000005391;530.73
05675;EER non démarré;06/05/2026;—;1000005400;963.14
05675;EER non démarré;06/05/2026;—;1000005401;658.18
02148;EER non démarré;06/05/2026;—;1000005410;222.96
02148;EER non démarré;06/05/2026;—;1000005411;903.02
07286;EER non démarré;06/05/2026;—;1000005420;851.68
07286;EER non démarré;06/05/2026;—;1000005421;777.17
08671;EER non démarré;06/05/2026;—;1000005430;899.95
08671;EER non démarré;06/05/2026;—;1000005431;347.34
07125;EER non démarré;06/05/2026;—;1000005440;349.01
07125;EER non démarré;06/05/2026;—;1000005441;247.33
09731;EER à valider;06/05/2026;f5d951df;1000005450;119.47
09731;EER à valider;06/05/2026;65f5daff;1000005451;405.39
09238;EER non démarré;06/05/2026;—;1000005460;646.31
09238;EER non démarré;06/05/2026;—;1000005461;229.69
02074;EER non démarré;06/05/2026;—;1000005470;511.80
02074;EER non démarré;06/05/2026;—;1000005471;169.48
09238;EER validé;06/05/2026;d35aada5;1000005480;168.16
09238;EER validé;06/05/2026;faaac542;1000005481;423.82
06449;EER non démarré;06/05/2026;—;1000005490;400.10
06449;EER non démarré;06/05/2026;—;1000005491;793.55
02200;EER à valider;06/05/2026;ff8137bc;1000005500;419.32
02200;EER à valider;06/05/2026;a6a5ed55;1000005501;369.15
05331;EER non démarré;06/05/2026;—;1000005510;280.10
05331;EER non démarré;06/05/2026;—;1000005511;221.17
02167;EER non démarré;06/05/2026;—;1000005520;879.22
02167;EER non démarré;06/05/2026;—;1000005521;192.95
05850;EER validé;06/05/2026;8bacbebb;1000005530;534.96
05850;EER validé;06/05/2026;d9518c1a;1000005531;757.91
07536;EER non démarré;06/05/2026;—;1000005540;640.44
07536;EER non démarré;06/05/2026;—;1000005541;702.13
09630;EER non démarré;06/05/2026;—;1000005550;466.03
09630;EER non démarré;06/05/2026;—;1000005551;361.00
08275;EER validé;06/05/2026;ea168853;1000005560;677.92
08275;EER validé;06/05/2026;79d8d4ee;1000005561;786.81
07627;EER non démarré;06/05/2026;—;1000005570;724.14
07627;EER non démarré;06/05/2026;—;1000005571;697.72
03940;EER non démarré;06/05/2026;—;1000005580;466.93
03940;EER non démarré;06/05/2026;—;1000005581;992.96
06629;EER non démarré;06/05/2026;—;1000005590;105.18
06629;EER non démarré;06/05/2026;—;1000005591;820.51
06125;EER non démarré;06/05/2026;—;1000005600;207.83
06125;EER non démarré;06/05/2026;—;1000005601;660.21
02958;EER validé;06/05/2026;5ea430da;1000005610;396.09
02958;EER validé;06/05/2026;a7891eb1;1000005611;299.64
07627;EER validé;06/05/2026;51e2fa96;1000005620;792.47
07627;EER validé;06/05/2026;70474e5c;1000005621;107.64
00756;EER validé;06/05/2026;397da512;1000005630;213.67
00756;EER validé;06/05/2026;9aeab97d;1000005631;652.06
06979;EER non démarré;06/05/2026;—;1000005640;260.75
06979;EER non démarré;06/05/2026;—;1000005641;239.89
05298;EER non démarré;06/05/2026;—;1000005650;691.75
05298;EER non démarré;06/05/2026;—;1000005651;478.97
01209;EER validé;06/05/2026;d8663582;1000005660;471.13
01209;EER validé;06/05/2026;73fac840;1000005661;130.17
07937;EER non démarré;06/05/2026;—;1000005670;621.48
07937;EER non démarré;06/05/2026;—;1000005671;237.98
03607;EER démarré;06/05/2026;6f179c22;1000005680;240.71
03607;EER démarré;06/05/2026;522c7407;1000005681;445.57
04806;EER non démarré;06/05/2026;—;1000005690;482.81
04806;EER non démarré;06/05/2026;—;1000005691;639.28
09238;EER non démarré;06/05/2026;—;1000005700;493.63
09238;EER non démarré;06/05/2026;—;1000005701;390.86
06744;EER non démarré;06/05/2026;—;1000005710;931.70
06744;EER non démarré;06/05/2026;—;1000005711;158.35
01892;EER non démarré;06/05/2026;—;1000005720;909.34
01892;EER non démarré;06/05/2026;—;1000005721;524.97
03182;EER validé;06/05/2026;db89a46f;1000005730;891.43
03182;EER validé;06/05/2026;a6b7cc3b;1000005731;371.28
00179;EER non démarré;06/05/2026;—;1000005740;374.44
00179;EER non démarré;06/05/2026;—;1000005741;475.64
03210;EER non démarré;06/05/2026;—;1000005750;314.28
03210;EER non démarré;06/05/2026;—;1000005751;618.62
00337;EER validé;06/05/2026;5a225108;1000005760;894.43
00337;EER validé;06/05/2026;b45fb9af;1000005761;957.99
07286;EER validé;06/05/2026;0f233787;1000005770;993.04
07286;EER validé;06/05/2026;ad79d542;1000005771;589.64
08554;EER validé;06/05/2026;fe212c43;1000005780;556.44
08554;EER validé;06/05/2026;cc6d74c2;1000005781;104.89
07401;EER non démarré;06/05/2026;—;1000005790;533.70
07401;EER non démarré;06/05/2026;—;1000005791;929.78
07379;EER non démarré;06/05/2026;—;1000005800;664.19
07379;EER non démarré;06/05/2026;—;1000005801;863.81
04767;EER non démarré;06/05/2026;—;1000005810;127.22
04767;EER non démarré;06/05/2026;—;1000005811;998.24
09679;EER validé;06/05/2026;22d051fa;1000005820;561.61
09679;EER validé;06/05/2026;b091a451;1000005821;226.71
05193;EER validé;06/05/2026;e5f9a82d;1000005830;882.53
05193;EER validé;06/05/2026;297c5af4;1000005831;744.78
01192;EER non démarré;06/05/2026;—;1000005840;982.79
01192;EER non démarré;06/05/2026;—;1000005841;511.02
09238;EER validé;06/05/2026;26b9766e;1000005850;284.27
09238;EER validé;06/05/2026;c0b55ef3;1000005851;953.46
08532;EER démarré;06/05/2026;49613d38;1000005860;224.48
08532;EER démarré;06/05/2026;341d2495;1000005861;522.90
08580;EER non démarré;06/05/2026;—;1000005870;610.10
08580;EER non démarré;06/05/2026;—;1000005871;598.77
01971;EER non démarré;06/05/2026;—;1000005880;262.54
01971;EER non démarré;06/05/2026;—;1000005881;723.67
09238;EER non démarré;06/05/2026;—;1000005890;601.26
09238;EER non démarré;06/05/2026;—;1000005891;179.54
06175;EER non démarré;06/05/2026;—;1000005900;234.36
06175;EER non démarré;06/05/2026;—;1000005901;244.03
03900;EER non démarré;06/05/2026;—;1000005910;153.92
03900;EER non démarré;06/05/2026;—;1000005911;984.60
04538;EER non démarré;06/05/2026;—;1000005920;712.75
04538;EER non démarré;06/05/2026;—;1000005921;362.36
07516;EER non démarré;06/05/2026;—;1000005930;270.85
07516;EER non démarré;06/05/2026;—;1000005931;271.98
09238;EER non démarré;06/05/2026;—;1000005940;453.64
09238;EER non démarré;06/05/2026;—;1000005941;125.66
05538;EER non démarré;06/05/2026;—;1000005950;185.54
05538;EER non démarré;06/05/2026;—;1000005951;474.62
02675;EER non démarré;06/05/2026;—;1000005960;948.44
02675;EER non démarré;06/05/2026;—;1000005961;675.26
03567;EER non démarré;06/05/2026;—;1000005970;544.54
03567;EER non démarré;06/05/2026;—;1000005971;100.81
03900;EER non démarré;06/05/2026;—;1000005980;999.73
03900;EER non démarré;06/05/2026;—;1000005981;937.29
04946;EER non démarré;06/05/2026;—;1000005990;910.68
04946;EER non démarré;06/05/2026;—;1000005991;693.81
05522;EER validé;06/05/2026;70bd380a;1000006000;397.53
05522;EER validé;06/05/2026;ce809b5a;1000006001;145.37
05331;EER non démarré;06/05/2026;—;1000006010;722.64
05331;EER non démarré;06/05/2026;—;1000006011;537.68
04180;EER validé;06/05/2026;a87a0846;1000006020;447.57
04180;EER validé;06/05/2026;632caef3;1000006021;335.76
06270;EER validé;06/05/2026;9993fa0d;1000006030;227.02
06270;EER validé;06/05/2026;30be0b28;1000006031;638.33
05107;EER non démarré;06/05/2026;—;1000006040;769.45
05107;EER non démarré;06/05/2026;—;1000006041;508.33
09476;EER non démarré;06/05/2026;—;1000006050;114.91
09476;EER non démarré;06/05/2026;—;1000006051;888.58
05991;EER non démarré;06/05/2026;—;1000006060;350.40
05991;EER non démarré;06/05/2026;—;1000006061;800.64
06772;EER à valider;06/05/2026;5fcef9c7;1000006070;503.92
06772;EER à valider;06/05/2026;9e44c29c;1000006071;414.52
09551;EER non démarré;06/05/2026;—;1000006080;881.52
09551;EER non démarré;06/05/2026;—;1000006081;835.70
02495;EER non démarré;06/05/2026;—;1000006090;434.36
02495;EER non démarré;06/05/2026;—;1000006091;506.66
05027;EER non démarré;06/05/2026;—;1000006100;294.14
05027;EER non démarré;06/05/2026;—;1000006101;480.43
02446;EER non démarré;06/05/2026;—;1000006110;108.78
02446;EER non démarré;06/05/2026;—;1000006111;848.22
00126;EER validé;06/05/2026;80be51cf;1000006120;786.49
00126;EER validé;06/05/2026;aad480f6;1000006121;806.79
08414;EER non démarré;06/05/2026;—;1000006130;691.62
08414;EER non démarré;06/05/2026;—;1000006131;786.65
05331;EER non démarré;06/05/2026;—;1000006140;926.78
05331;EER non démarré;06/05/2026;—;1000006141;404.97
00126;EER non démarré;06/05/2026;—;1000006150;897.87
00126;EER non démarré;06/05/2026;—;1000006151;262.34
07152;EER validé;06/05/2026;2bbfdaa9;1000006160;101.57
07152;EER validé;06/05/2026;5e4b4819;1000006161;609.99
05298;EER non démarré;06/05/2026;—;1000006170;174.33
05298;EER non démarré;06/05/2026;—;1000006171;320.57
06107;EER non démarré;06/05/2026;—;1000006180;926.94
06107;EER non démarré;06/05/2026;—;1000006181;740.54
04054;EER non démarré;06/05/2026;—;1000006190;412.83
04054;EER non démarré;06/05/2026;—;1000006191;788.62
06744;EER non démarré;06/05/2026;—;1000006200;546.22
06744;EER non démarré;06/05/2026;—;1000006201;286.45
05027;EER non démarré;06/05/2026;—;1000006210;771.12
05027;EER non démarré;06/05/2026;—;1000006211;159.31
05689;EER non démarré;06/05/2026;—;1000006220;490.20
05689;EER non démarré;06/05/2026;—;1000006221;135.81
03940;EER non démarré;06/05/2026;—;1000006230;303.68
03940;EER non démarré;06/05/2026;—;1000006231;486.13
05331;EER non démarré;06/05/2026;—;1000006240;783.87
05331;EER non démarré;06/05/2026;—;1000006241;852.64
07286;EER validé;06/05/2026;4165bf63;1000006250;356.59
07286;EER validé;06/05/2026;19f86604;1000006251;883.50
06661;EER non démarré;06/05/2026;—;1000006260;416.43
06661;EER non démarré;06/05/2026;—;1000006261;612.10
01257;EER non démarré;06/05/2026;—;1000006270;167.44
01257;EER non démarré;06/05/2026;—;1000006271;994.10
03460;EER non démarré;05/05/2026;—;1000006280;658.78
03460;EER non démarré;05/05/2026;—;1000006281;976.75
00386;EER non démarré;05/05/2026;—;1000006290;173.56
00386;EER non démarré;05/05/2026;—;1000006291;675.37
03940;EER non démarré;05/05/2026;—;1000006300;482.41
03940;EER non démarré;05/05/2026;—;1000006301;473.17
09282;EER non démarré;05/05/2026;—;1000006310;480.83
09282;EER non démarré;05/05/2026;—;1000006311;853.39
06392;EER non démarré;05/05/2026;—;1000006320;616.59
06392;EER non démarré;05/05/2026;—;1000006321;653.95
01273;EER non démarré;05/05/2026;—;1000006330;438.17
01273;EER non démarré;05/05/2026;—;1000006331;800.01
02496;EER validé;05/05/2026;5bd7abaa;1000006340;594.77
02496;EER validé;05/05/2026;99d26693;1000006341;950.28
03789;EER non démarré;05/05/2026;—;1000006350;975.79
03789;EER non démarré;05/05/2026;—;1000006351;488.59
08868;EER non démarré;05/05/2026;—;1000006360;471.81
08868;EER non démarré;05/05/2026;—;1000006361;542.62
00165;EER démarré;05/05/2026;b33be2f5;1000006370;962.94
00165;EER démarré;05/05/2026;bc260d5e;1000006371;979.85
05018;EER non démarré;05/05/2026;—;1000006380;547.35
05018;EER non démarré;05/05/2026;—;1000006381;152.53
09238;EER validé;05/05/2026;82e01086;1000006390;400.91
09238;EER validé;05/05/2026;b8a5470e;1000006391;769.26
08367;EER non démarré;05/05/2026;—;1000006400;578.28
08367;EER non démarré;05/05/2026;—;1000006401;147.26
05479;EER validé;05/05/2026;3617f518;1000006410;175.21
05479;EER validé;05/05/2026;7982fc6f;1000006411;791.12
07408;EER non démarré;05/05/2026;—;1000006420;996.70
07408;EER non démarré;05/05/2026;—;1000006421;699.22
04883;EER validé;05/05/2026;78dfe184;1000006430;166.76
04883;EER validé;05/05/2026;eb217ed0;1000006431;396.06
05326;EER non démarré;05/05/2026;—;1000006440;355.45
05326;EER non démarré;05/05/2026;—;1000006441;620.95
09238;EER validé;05/05/2026;0b3dfcc5;1000006450;825.26
09238;EER validé;05/05/2026;60e1fade;1000006451;985.09
03751;EER non démarré;05/05/2026;—;1000006460;302.13
03751;EER non démarré;05/05/2026;—;1000006461;337.33
07627;EER non démarré;05/05/2026;—;1000006470;542.36
07627;EER non démarré;05/05/2026;—;1000006471;722.40
05408;EER non démarré;05/05/2026;—;1000006480;734.76
05408;EER non démarré;05/05/2026;—;1000006481;385.45
06744;EER validé;05/05/2026;e9484aa8;1000006490;729.89
06744;EER validé;05/05/2026;703012f8;1000006491;280.72
00386;EER non démarré;05/05/2026;—;1000006500;452.76
00386;EER non démarré;05/05/2026;—;1000006501;784.72
05994;EER validé;05/05/2026;de0f406e;1000006510;395.02
05994;EER validé;05/05/2026;9c2f465f;1000006511;741.97
01046;EER non démarré;05/05/2026;—;1000006520;358.97
01046;EER non démarré;05/05/2026;—;1000006521;832.62
07286;EER non démarré;05/05/2026;—;1000006530;617.00
07286;EER non démarré;05/05/2026;—;1000006531;637.21
09238;EER validé;05/05/2026;d16c34ee;1000006540;989.23
09238;EER validé;05/05/2026;154abc6c;1000006541;525.48
04868;EER non démarré;05/05/2026;—;1000006550;719.83
04868;EER non démarré;05/05/2026;—;1000006551;885.45
02241;EER non démarré;05/05/2026;—;1000006560;113.99
02241;EER non démarré;05/05/2026;—;1000006561;467.87
07386;EER non démarré;05/05/2026;—;1000006570;124.02
07386;EER non démarré;05/05/2026;—;1000006571;525.90
03948;EER validé;05/05/2026;db746990;1000006580;441.80
03948;EER validé;05/05/2026;0def387b;1000006581;442.25
09238;EER démarré;05/05/2026;435266dc;1000006590;111.12
09238;EER démarré;05/05/2026;a92ede92;1000006591;283.53
07386;EER non démarré;05/05/2026;—;1000006600;501.67
07386;EER non démarré;05/05/2026;—;1000006601;809.24
07158;EER non démarré;05/05/2026;—;1000006610;382.93
07158;EER non démarré;05/05/2026;—;1000006611;231.63
05443;EER non démarré;05/05/2026;—;1000006620;688.16
05443;EER non démarré;05/05/2026;—;1000006621;346.79
05765;EER validé;05/05/2026;9a636949;1000006630;621.34
05765;EER validé;05/05/2026;7ffeb4a0;1000006631;216.92
05027;EER non démarré;05/05/2026;—;1000006640;789.16
05027;EER non démarré;05/05/2026;—;1000006641;387.90
06191;EER démarré;05/05/2026;6a239104;1000006650;127.11
06191;EER démarré;05/05/2026;57101858;1000006651;245.41
01192;EER validé;05/05/2026;a4e8b493;1000006660;680.42
01192;EER validé;05/05/2026;a96d7651;1000006661;860.22
02468;EER validé;05/05/2026;73bdd177;1000006670;369.51
02468;EER validé;05/05/2026;e43c1c46;1000006671;827.45
09238;EER non démarré;05/05/2026;—;1000006680;367.22
09238;EER non démarré;05/05/2026;—;1000006681;295.51
08582;EER non démarré;05/05/2026;—;1000006690;788.45
08582;EER non démarré;05/05/2026;—;1000006691;699.91
01800;EER non démarré;05/05/2026;—;1000006700;168.30
01800;EER non démarré;05/05/2026;—;1000006701;139.65
08048;EER validé;05/05/2026;6ad6c955;1000006710;695.50
08048;EER validé;05/05/2026;3074736a;1000006711;442.48
06111;EER à valider;05/05/2026;627ec5f4;1000006720;891.07
06111;EER à valider;05/05/2026;c7309f45;1000006721;885.09
05443;EER non démarré;05/05/2026;—;1000006730;950.43
05443;EER non démarré;05/05/2026;—;1000006731;641.49
06744;EER non démarré;05/05/2026;—;1000006740;457.21
06744;EER non démarré;05/05/2026;—;1000006741;585.51
09434;EER non démarré;05/05/2026;—;1000006750;103.04
09434;EER non démarré;05/05/2026;—;1000006751;787.24
07207;EER non démarré;05/05/2026;—;1000006760;411.24
07207;EER non démarré;05/05/2026;—;1000006761;933.36
04699;EER non démarré;05/05/2026;—;1000006770;457.63
04699;EER non démarré;05/05/2026;—;1000006771;325.41
06812;EER non démarré;05/05/2026;—;1000006780;115.21
06812;EER non démarré;05/05/2026;—;1000006781;624.98
08554;EER non démarré;05/05/2026;—;1000006790;698.91
08554;EER non démarré;05/05/2026;—;1000006791;336.85
07486;EER rejeté;05/05/2026;28c66c70;1000006800;942.63
07486;EER rejeté;05/05/2026;b9dd3d0d;1000006801;710.35
05443;EER non démarré;05/05/2026;—;1000006810;631.01
05443;EER non démarré;05/05/2026;—;1000006811;930.29
09303;EER validé;05/05/2026;a6003e1a;1000006820;296.67
09303;EER validé;05/05/2026;4c9074c3;1000006821;897.55
07386;EER validé;05/05/2026;30d7c38c;1000006830;781.43
07386;EER validé;05/05/2026;f6f3eae0;1000006831;430.45
01277;EER non démarré;05/05/2026;—;1000006840;355.15
01277;EER non démarré;05/05/2026;—;1000006841;531.08
08794;EER non démarré;05/05/2026;—;1000006850;825.92
08794;EER non démarré;05/05/2026;—;1000006851;668.28
09238;EER non démarré;05/05/2026;—;1000006860;952.31
09238;EER non démarré;05/05/2026;—;1000006861;639.81
08445;EER non démarré;05/05/2026;—;1000006870;178.21
08445;EER non démarré;05/05/2026;—;1000006871;722.45
05027;EER non démarré;05/05/2026;—;1000006880;271.70
05027;EER non démarré;05/05/2026;—;1000006881;134.50
03462;EER non démarré;05/05/2026;—;1000006890;935.90
03462;EER non démarré;05/05/2026;—;1000006891;127.89
00756;EER validé;05/05/2026;bccbbdf5;1000006900;913.94
00756;EER validé;05/05/2026;01e7ef82;1000006901;225.38
05021;EER non démarré;05/05/2026;—;1000006910;705.13
05021;EER non démarré;05/05/2026;—;1000006911;989.44
05357;EER validé;05/05/2026;81f16c57;1000006920;587.80
05357;EER validé;05/05/2026;dd041773;1000006921;357.40
06926;EER non démarré;05/05/2026;—;1000006930;566.50
06926;EER non démarré;05/05/2026;—;1000006931;738.61
06792;EER démarré;05/05/2026;d2fed451;1000006940;881.05
06792;EER démarré;05/05/2026;8bdbc598;1000006941;225.43
06744;EER non démarré;05/05/2026;—;1000006950;418.02
06744;EER non démarré;05/05/2026;—;1000006951;697.23
08697;EER non démarré;05/05/2026;—;1000006960;818.58
08697;EER non démarré;05/05/2026;—;1000006961;261.25
06744;EER non démarré;05/05/2026;—;1000006970;931.63
06744;EER non démarré;05/05/2026;—;1000006971;452.80
09238;EER validé;05/05/2026;a99c69b6;1000006980;132.08
09238;EER validé;05/05/2026;f5ae3e93;1000006981;202.92
09799;EER à valider;05/05/2026;c4305af2;1000006990;861.38
09799;EER à valider;05/05/2026;b6289846;1000006991;612.79
06812;EER démarré;05/05/2026;1eb40a8d;1000007000;701.80
06812;EER démarré;05/05/2026;f9ae1f16;1000007001;547.48
08144;EER validé;05/05/2026;ac4715e6;1000007010;241.55
08144;EER validé;05/05/2026;ec52d165;1000007011;201.17
08896;EER validé;05/05/2026;609faa7e;1000007020;583.30
08896;EER validé;05/05/2026;11425e6a;1000007021;524.27
02771;EER non démarré;05/05/2026;—;1000007030;395.12
02771;EER non démarré;05/05/2026;—;1000007031;598.50
07359;EER validé;05/05/2026;8cef4288;1000007040;594.49
07359;EER validé;05/05/2026;df7c96eb;1000007041;927.29
07386;EER non démarré;05/05/2026;—;1000007050;292.81
07386;EER non démarré;05/05/2026;—;1000007051;827.19
03940;EER validé;05/05/2026;04924cf0;1000007060;806.63
03940;EER validé;05/05/2026;82ae9428;1000007061;793.04
06178;EER non démarré;05/05/2026;—;1000007070;880.66
06178;EER non démarré;05/05/2026;—;1000007071;705.64
06175;EER non démarré;05/05/2026;—;1000007080;678.21
06175;EER non démarré;05/05/2026;—;1000007081;833.93
04406;EER non démarré;05/05/2026;—;1000007090;831.42
04406;EER non démarré;05/05/2026;—;1000007091;841.04
06213;EER non démarré;05/05/2026;—;1000007100;776.53
06213;EER non démarré;05/05/2026;—;1000007101;513.68
07106;EER validé;05/05/2026;610b2e06;1000007110;143.06
07106;EER validé;05/05/2026;e60959dd;1000007111;722.39
06929;EER non démarré;05/05/2026;—;1000007120;584.77
06929;EER non démarré;05/05/2026;—;1000007121;441.10
00307;EER non démarré;05/05/2026;—;1000007130;653.89
00307;EER non démarré;05/05/2026;—;1000007131;847.16
09238;EER non démarré;05/05/2026;—;1000007140;992.62
09238;EER non démarré;05/05/2026;—;1000007141;620.53
09273;EER non démarré;05/05/2026;—;1000007150;426.54
09273;EER non démarré;05/05/2026;—;1000007151;755.10
08346;EER validé;05/05/2026;e38d4897;1000007160;753.27
08346;EER validé;05/05/2026;90f24245;1000007161;935.59
08421;EER non démarré;05/05/2026;—;1000007170;211.96
08421;EER non démarré;05/05/2026;—;1000007171;364.85
03940;EER non démarré;05/05/2026;—;1000007180;232.48
03940;EER non démarré;05/05/2026;—;1000007181;421.76
09238;EER validé;05/05/2026;62a44bd0;1000007190;751.38
09238;EER validé;05/05/2026;964a2d1f;1000007191;420.30
04333;EER non démarré;05/05/2026;—;1000007200;685.10
04333;EER non démarré;05/05/2026;—;1000007201;944.66
08608;EER non démarré;05/05/2026;—;1000007210;984.81
08608;EER non démarré;05/05/2026;—;1000007211;640.97
03999;EER non démarré;05/05/2026;—;1000007220;569.68
03999;EER non démarré;05/05/2026;—;1000007221;249.23
08537;EER non démarré;05/05/2026;—;1000007230;149.12
08537;EER non démarré;05/05/2026;—;1000007231;237.84
06490;EER non démarré;05/05/2026;—;1000007240;475.93
06490;EER non démarré;05/05/2026;—;1000007241;487.48
05331;EER non démarré;05/05/2026;—;1000007250;208.74
05331;EER non démarré;05/05/2026;—;1000007251;672.93
07014;EER non démarré;05/05/2026;—;1000007260;980.63
07014;EER non démarré;05/05/2026;—;1000007261;667.30
08439;EER validé;05/05/2026;f01652e3;1000007270;925.70
08439;EER validé;05/05/2026;a3aecfa1;1000007271;746.22
08548;EER non démarré;05/05/2026;—;1000007280;535.06
08548;EER non démarré;05/05/2026;—;1000007281;573.61
07627;EER non démarré;05/05/2026;—;1000007290;917.82
07627;EER non démarré;05/05/2026;—;1000007291;100.11
04100;EER non démarré;05/05/2026;—;1000007300;809.79
04100;EER non démarré;05/05/2026;—;1000007301;871.77
09238;EER non démarré;05/05/2026;—;1000007310;793.54
09238;EER non démarré;05/05/2026;—;1000007311;123.24
07386;EER non démarré;05/05/2026;—;1000007320;882.96
07386;EER non démarré;05/05/2026;—;1000007321;769.77
08630;EER non démarré;05/05/2026;—;1000007330;808.09
08630;EER non démarré;05/05/2026;—;1000007331;134.25
09238;EER non démarré;05/05/2026;—;1000007340;240.80
09238;EER non démarré;05/05/2026;—;1000007341;322.12
09483;EER non démarré;05/05/2026;—;1000007350;724.69
09483;EER non démarré;05/05/2026;—;1000007351;916.83
03915;EER non démarré;05/05/2026;—;1000007360;671.39
03915;EER non démarré;05/05/2026;—;1000007361;103.38
01588;EER validé;05/05/2026;b2009fac;1000007370;333.20
01588;EER validé;05/05/2026;b94f7ac8;1000007371;576.20
04835;EER validé;05/05/2026;6235414b;1000007380;221.50
04835;EER validé;05/05/2026;cf31b803;1000007381;402.21
00570;EER non démarré;05/05/2026;—;1000007390;747.49
00570;EER non démarré;05/05/2026;—;1000007391;796.62
05386;EER non démarré;05/05/2026;—;1000007400;736.72
05386;EER non démarré;05/05/2026;—;1000007401;404.70
06744;EER non démarré;05/05/2026;—;1000007410;551.36
06744;EER non démarré;05/05/2026;—;1000007411;860.83
04890;EER validé;05/05/2026;b14c6407;1000007420;908.30
04890;EER validé;05/05/2026;78621b5e;1000007421;545.07
08579;EER validé;05/05/2026;f5441c40;1000007430;722.76
08579;EER validé;05/05/2026;935da03c;1000007431;345.65
09429;EER validé;05/05/2026;535e71f7;1000007440;547.60
09429;EER validé;05/05/2026;a2c95471;1000007441;544.84
05193;EER non démarré;05/05/2026;—;1000007450;621.44
05193;EER non démarré;05/05/2026;—;1000007451;494.55
09238;EER non démarré;05/05/2026;—;1000007460;685.64
09238;EER non démarré;05/05/2026;—;1000007461;958.60
03900;EER non démarré;05/05/2026;—;1000007470;909.97
03900;EER non démarré;05/05/2026;—;1000007471;941.23
00386;EER non démarré;05/05/2026;—;1000007480;969.67
00386;EER non démarré;05/05/2026;—;1000007481;339.78
09238;EER non démarré;05/05/2026;—;1000007490;964.21
09238;EER non démarré;05/05/2026;—;1000007491;925.84
09238;EER non démarré;05/05/2026;—;1000007500;693.68
09238;EER non démarré;05/05/2026;—;1000007501;225.86
09483;EER non démarré;05/05/2026;—;1000007510;557.67
09483;EER non démarré;05/05/2026;—;1000007511;372.65
00386;EER non démarré;05/05/2026;—;1000007520;641.27
00386;EER non démarré;05/05/2026;—;1000007521;127.14
06744;EER non démarré;05/05/2026;—;1000007530;258.71
06744;EER non démarré;05/05/2026;—;1000007531;371.98
09667;EER non démarré;05/05/2026;—;1000007540;210.94
09667;EER non démarré;05/05/2026;—;1000007541;140.37
00276;EER non démarré;05/05/2026;—;1000007550;727.43
00276;EER non démarré;05/05/2026;—;1000007551;984.17
09238;EER non démarré;05/05/2026;—;1000007560;459.25
09238;EER non démarré;05/05/2026;—;1000007561;831.94
07627;EER non démarré;05/05/2026;—;1000007570;588.48
07627;EER non démarré;05/05/2026;—;1000007571;333.50
03609;EER validé;05/05/2026;0eed1a0d;1000007580;929.13
03609;EER validé;05/05/2026;aed3e13e;1000007581;794.36
07627;EER non démarré;05/05/2026;—;1000007590;790.35
07627;EER non démarré;05/05/2026;—;1000007591;738.77
02899;EER non démarré;05/05/2026;—;1000007600;253.04
02899;EER non démarré;05/05/2026;—;1000007601;506.58
06744;EER non démarré;05/05/2026;—;1000007610;529.15
06744;EER non démarré;05/05/2026;—;1000007611;745.38
09238;EER à valider;05/05/2026;b049ff0c;1000007620;219.27
09238;EER à valider;05/05/2026;e3a594ac;1000007621;478.54
02200;EER non démarré;05/05/2026;—;1000007630;698.78
02200;EER non démarré;05/05/2026;—;1000007631;824.49
06744;EER non démarré;05/05/2026;—;1000007640;167.85
06744;EER non démarré;05/05/2026;—;1000007641;948.72
05540;EER non démarré;05/05/2026;—;1000007650;522.97
05540;EER non démarré;05/05/2026;—;1000007651;692.13
09731;EER non démarré;05/05/2026;—;1000007660;855.72
09731;EER non démarré;05/05/2026;—;1000007661;818.54
05700;EER validé;05/05/2026;39b4eb30;1000007670;448.79
05700;EER validé;05/05/2026;cdf9f819;1000007671;343.97
06744;EER non démarré;05/05/2026;—;1000007680;274.59
06744;EER non démarré;05/05/2026;—;1000007681;283.70
04083;EER non démarré;05/05/2026;—;1000007690;969.12
04083;EER non démarré;05/05/2026;—;1000007691;682.58
06744;EER démarré;05/05/2026;7ae254a7;1000007700;873.24
06744;EER démarré;05/05/2026;8e22933a;1000007701;254.99
09885;EER validé;05/05/2026;4446220d;1000007710;679.98
09885;EER validé;05/05/2026;ea9de11c;1000007711;358.46
09238;EER non démarré;05/05/2026;—;1000007720;863.60
09238;EER non démarré;05/05/2026;—;1000007721;340.45
00832;EER non démarré;05/05/2026;—;1000007730;904.70
00832;EER non démarré;05/05/2026;—;1000007731;238.15
03337;EER non démarré;05/05/2026;—;1000007740;730.61
03337;EER non démarré;05/05/2026;—;1000007741;554.80
02002;EER non démarré;05/05/2026;—;1000007750;681.06
02002;EER non démarré;05/05/2026;—;1000007751;206.15
03567;EER non démarré;05/05/2026;—;1000007760;647.23
03567;EER non démarré;05/05/2026;—;1000007761;771.59
09238;EER non démarré;05/05/2026;—;1000007770;226.08
09238;EER non démarré;05/05/2026;—;1000007771;959.22
05884;EER non démarré;05/05/2026;—;1000007780;833.27
05884;EER non démarré;05/05/2026;—;1000007781;481.47
09238;EER non démarré;05/05/2026;—;1000007790;238.96
09238;EER non démarré;05/05/2026;—;1000007791;265.42
07134;EER non démarré;05/05/2026;—;1000007800;453.31
07134;EER non démarré;05/05/2026;—;1000007801;941.40
09238;EER non démarré;05/05/2026;—;1000007810;760.62
09238;EER non démarré;05/05/2026;—;1000007811;591.56
03674;EER non démarré;05/05/2026;—;1000007820;594.21
03674;EER non démarré;05/05/2026;—;1000007821;305.15
01984;EER démarré;05/05/2026;4cf66b61;1000007830;851.25
01984;EER démarré;05/05/2026;1ce5fb59;1000007831;712.70
08137;EER non démarré;05/05/2026;—;1000007840;724.16
08137;EER non démarré;05/05/2026;—;1000007841;634.99
09238;EER démarré;05/05/2026;e545c28f;1000007850;998.01
09238;EER démarré;05/05/2026;09f6ae8e;1000007851;136.61
09238;EER non démarré;05/05/2026;—;1000007860;411.89
09238;EER non démarré;05/05/2026;—;1000007861;464.11
04781;EER validé;05/05/2026;693bc91a;1000007870;887.79
04781;EER validé;05/05/2026;21cef32d;1000007871;191.10
04669;EER non démarré;05/05/2026;—;1000007880;419.55
04669;EER non démarré;05/05/2026;—;1000007881;450.19
06744;EER non démarré;05/05/2026;—;1000007890;727.31
06744;EER non démarré;05/05/2026;—;1000007891;179.78
02872;EER validé;05/05/2026;a25a0494;1000007900;981.42
02872;EER validé;05/05/2026;5c5b1188;1000007901;646.84
05027;EER non démarré;05/05/2026;—;1000007910;168.16
05027;EER non démarré;05/05/2026;—;1000007911;286.51
09238;EER non démarré;05/05/2026;—;1000007920;445.32
09238;EER non démarré;05/05/2026;—;1000007921;283.69
09238;EER non démarré;05/05/2026;—;1000007930;678.56
09238;EER non démarré;05/05/2026;—;1000007931;787.83
08840;EER validé;05/05/2026;ce07c7fa;1000007940;833.50
08840;EER validé;05/05/2026;492e3fd8;1000007941;145.87
06947;EER validé;05/05/2026;4e9ad14f;1000007950;762.20
06947;EER validé;05/05/2026;9a2e2aaf;1000007951;417.62
01884;EER non démarré;05/05/2026;—;1000007960;392.28
01884;EER non démarré;05/05/2026;—;1000007961;747.77
07123;EER non démarré;05/05/2026;—;1000007970;298.69
07123;EER non démarré;05/05/2026;—;1000007971;651.00
03940;EER validé;05/05/2026;9343c71a;1000007980;869.62
03940;EER validé;05/05/2026;dbb52246;1000007981;676.44
07627;EER validé;05/05/2026;ce549ff3;1000007990;914.38
07627;EER validé;05/05/2026;6717893b;1000007991;852.86
00709;EER validé;05/05/2026;e87debed;1000008000;929.91
00709;EER validé;05/05/2026;41280170;1000008001;243.64
02200;EER non démarré;04/05/2026;—;1000008010;437.29
02200;EER non démarré;04/05/2026;—;1000008011;500.47
06979;EER validé;04/05/2026;9ad2b351;1000008020;120.96
06979;EER validé;04/05/2026;fb201f15;1000008021;354.31
05326;EER validé;04/05/2026;6ef94625;1000008030;877.37
05326;EER validé;04/05/2026;69078b0a;1000008031;260.35
06840;EER non démarré;04/05/2026;—;1000008040;925.97
06840;EER non démarré;04/05/2026;—;1000008041;395.58
07063;EER validé;04/05/2026;f45a8ddb;1000008050;682.55
07063;EER validé;04/05/2026;4e2e0f85;1000008051;231.13
02455;EER non démarré;04/05/2026;—;1000008060;861.75
02455;EER non démarré;04/05/2026;—;1000008061;512.57
05443;EER validé;04/05/2026;d1818f8d;1000008070;162.52
05443;EER validé;04/05/2026;6333a669;1000008071;611.73
00841;EER validé;04/05/2026;360e65d6;1000008080;247.14
00841;EER validé;04/05/2026;5b963f32;1000008081;328.47
05755;EER non démarré;04/05/2026;—;1000008090;912.65
05755;EER non démarré;04/05/2026;—;1000008091;897.04
09238;EER non démarré;04/05/2026;—;1000008100;445.72
09238;EER non démarré;04/05/2026;—;1000008101;877.43
06867;EER non démarré;04/05/2026;—;1000008110;273.56
06867;EER non démarré;04/05/2026;—;1000008111;156.16
09238;EER à rejeter;04/05/2026;5cfc6bec;1000008120;999.88
09238;EER à rejeter;04/05/2026;cd21565e;1000008121;623.61
02200;EER non démarré;04/05/2026;—;1000008130;619.53
02200;EER non démarré;04/05/2026;—;1000008131;499.68
06744;EER non démarré;04/05/2026;—;1000008140;625.70
06744;EER non démarré;04/05/2026;—;1000008141;509.25
00368;EER non démarré;04/05/2026;—;1000008150;930.17
00368;EER non démarré;04/05/2026;—;1000008151;220.99
02225;EER validé;04/05/2026;71de5b12;1000008160;265.33
02225;EER validé;04/05/2026;71298e7c;1000008161;459.65
00386;EER non démarré;04/05/2026;—;1000008170;406.86
00386;EER non démarré;04/05/2026;—;1000008171;671.89
03940;EER non démarré;04/05/2026;—;1000008180;241.67
03940;EER non démarré;04/05/2026;—;1000008181;840.28
02225;EER validé;04/05/2026;80e047ad;1000008190;142.77
02225;EER validé;04/05/2026;872d5de9;1000008191;351.43
08532;EER validé;04/05/2026;7e340c06;1000008200;119.94
08532;EER validé;04/05/2026;b2917024;1000008201;721.35
08630;EER non démarré;04/05/2026;—;1000008210;442.23
08630;EER non démarré;04/05/2026;—;1000008211;923.71
09238;EER validé;04/05/2026;6b1eb106;1000008220;127.51
09238;EER validé;04/05/2026;6d86ba74;1000008221;989.78
03933;EER non démarré;04/05/2026;—;1000008230;454.40
03933;EER non démarré;04/05/2026;—;1000008231;120.73
03260;EER non démarré;04/05/2026;—;1000008240;963.14
03260;EER non démarré;04/05/2026;—;1000008241;322.55
04180;EER non démarré;04/05/2026;—;1000008250;741.33
04180;EER non démarré;04/05/2026;—;1000008251;625.55
08492;EER non démarré;04/05/2026;—;1000008260;676.76
08492;EER non démarré;04/05/2026;—;1000008261;484.25
04169;EER non démarré;04/05/2026;—;1000008270;195.76
04169;EER non démarré;04/05/2026;—;1000008271;752.46
05925;EER non démarré;04/05/2026;—;1000008280;772.82
05925;EER non démarré;04/05/2026;—;1000008281;336.97
01800;EER non démarré;04/05/2026;—;1000008290;791.87
01800;EER non démarré;04/05/2026;—;1000008291;401.47
03567;EER non démarré;04/05/2026;—;1000008300;182.10
03567;EER non démarré;04/05/2026;—;1000008301;390.49
04333;EER non démarré;04/05/2026;—;1000008310;317.58
04333;EER non démarré;04/05/2026;—;1000008311;723.68
09238;EER validé;04/05/2026;8963e0e7;1000008320;263.70
09238;EER validé;04/05/2026;ca13acc4;1000008321;858.16
06979;EER non démarré;04/05/2026;—;1000008330;540.28
06979;EER non démarré;04/05/2026;—;1000008331;918.44
05206;EER non démarré;04/05/2026;—;1000008340;741.89
05206;EER non démarré;04/05/2026;—;1000008341;149.82
03999;EER validé;04/05/2026;60cc85e7;1000008350;105.44
03999;EER validé;04/05/2026;e71928f7;1000008351;461.16
09238;EER validé;04/05/2026;1d36f2be;1000008360;906.25
09238;EER validé;04/05/2026;05a51fc2;1000008361;444.40
02200;EER non démarré;04/05/2026;—;1000008370;560.85
02200;EER non démarré;04/05/2026;—;1000008371;635.12
07286;EER non démarré;04/05/2026;—;1000008380;501.52
07286;EER non démarré;04/05/2026;—;1000008381;865.88
07386;EER validé;04/05/2026;89a50218;1000008390;865.46
07386;EER validé;04/05/2026;75a15c3d;1000008391;944.61
08421;EER non démarré;04/05/2026;—;1000008400;288.80
08421;EER non démarré;04/05/2026;—;1000008401;614.53
06239;EER non démarré;04/05/2026;—;1000008410;152.31
06239;EER non démarré;04/05/2026;—;1000008411;645.55
09238;EER validé;04/05/2026;724db0fe;1000008420;208.03
09238;EER validé;04/05/2026;11b8461f;1000008421;424.01
05080;EER non démarré;04/05/2026;—;1000008430;363.16
05080;EER non démarré;04/05/2026;—;1000008431;269.08
07627;EER non démarré;04/05/2026;—;1000008440;466.40
07627;EER non démarré;04/05/2026;—;1000008441;644.89
01573;EER non démarré;04/05/2026;—;1000008450;307.10
01573;EER non démarré;04/05/2026;—;1000008451;692.79
03940;EER non démarré;04/05/2026;—;1000008460;852.61
03940;EER non démarré;04/05/2026;—;1000008461;755.92
06191;EER non démarré;04/05/2026;—;1000008470;436.61
06191;EER non démarré;04/05/2026;—;1000008471;165.17
